track_id,image,x,y
0,00,1820.40,1602.00
0,01,1228.32,1294.56
0,02,758.40,1251.60
0,12,671.04,374.40
1,00,2488.32,2764.80
1,01,1819.20,2415.60
1,02,1355.00,2392.00
1,12,1188.00,1753.00
2,00,2408.00,3343.00
2,01,1748.00,2938.00
3,00,1886.00,1543.00
3,01,1294.00,1236.00
3,02,828.00,1196.00
4,00,2318.29,1818.55
4,01,1705.54,1532.74
4,02,1250.38,1519.95
4,10,2465.93,704.19
4,12,1181.95,786.31
5,00,2589.60,2756.40
5,01,1905.60,2407.20
5,02,1438.80,2382.00
5,12,1276.80,1754.40
6,00,2135.00,1261.00
6,01,1539.00,955.00
6,02,1084.00,932.00
7,00,2407.10,3341.95
7,01,1746.00,2937.60
7,10,2331.07,2261.95
7,11,1821.60,2283.60
8,00,1220.00,3342.00
8,01,613.00,3024.00
9,00,1785.00,1818.00
9,01,1193.76,1517.76
9,02,718.56,1477.44
9,11,1292.54,791.42
9,12,599.62,635.90
10,00,1743.60,1759.20
10,01,1154.00,1456.00
11,00,1524.00,1859.00
11,01,924.00,1553.00
11,02,408.00,1503.00
12,00,2424.00,3382.00
12,01,1838.88,3163.68
12,11,1896.00,2480.40
13,00,2926.08,2983.68
13,01,2187.00,2597.00
13,02,1696.80,2558.40
13,12,1509.12,1967.04
14,00,1912.00,1537.00
14,01,1319.00,1231.00
15,00,1795.39,1816.13
15,01,1203.95,1519.27
15,02,730.97,1479.85
15,10,1870.39,678.07
16,00,2805.12,950.40
16,01,2172.96,679.68
16,02,1707.84,715.68
17,00,2381.00,3670.00
17,01,1718.00,3228.00
18,00,2697.60,2731.20
18,01,1998.72,2380.32
18,02,1527.84,2355.84
18,10,2720.40,1750.80
18,12,1370.88,1740.96
19,00,2430.72,3379.68
19,01,1767.60,2970.00
19,02,1291.00,2933.00
19,11,1839.00,2312.00
20,00,2953.15,1204.42
20,01,2295.36,946.08
20,02,1817.28,986.40
20,11,2576.45,146.88
21,00,2624.83,2728.51
21,01,1938.00,2380.00
21,10,2647.30,1743.55
22,00,2597.00,2729.00
22,01,2605.82,3395.52
22,02,1522.80,3487.20
23,00,1274.00,3405.00
23,01,669.60,3078.72
23,02,144.00,3096.00
24,00,2475.36,1808.64
24,01,1848.00,1524.00
24,02,1390.80,1520.40
24,12,1336.32,812.16
25,00,2672.00,1270.00
25,01,2040.00,994.00
26,00,2012.40,1270.80
26,01,1417.20,956.40
26,02,960.00,922.80
27,00,2338.56,3345.12
27,01,1684.80,2944.80
27,02,1211.04,2911.68
27,12,977.76,2237.76
28,00,2405.38,3402.78
28,01,1744.00,2993.00
28,02,1267.00,2957.00
28,10,2324.16,2310.34
28,12,1029.00,2287.00
29,00,2021.76,1618.56
29,01,1427.04,1321.92
30,00,1759.10,1828.22
30,01,1167.00,1528.00
30,10,1826.84,692.58
31,00,2268.00,3314.88
31,01,1630.00,2922.00
32,00,1753.00,1830.00
32,01,1162.00,1529.00
32,10,1822.80,694.80
33,00,2426.40,3677.76
33,01,1718.40,3234.00
34,00,1701.60,1804.80
34,01,1108.80,1501.20
35,00,2290.80,1831.20
35,01,1680.00,1543.00
36,00,2012.00,1274.00
36,01,1416.00,960.00
36,02,960.00,927.60
37,00,2274.00,3607.00
37,01,1625.00,3182.00
38,00,1064.16,3411.36
38,01,459.36,3098.88
38,10,1114.80,2284.80
38,11,616.32,2393.28
39,00,1706.00,1800.00
39,01,1113.00,1497.00
40,00,1261.20,3308.40
40,01,656.40,2988.00
41,00,2577.90,3618.02
41,01,1756.80,3003.84
41,02,1405.90,3120.77
41,10,2453.07,2484.17
41,11,1827.60,2341.20
41,12,1040.40,2298.00
42,00,2257.92,3304.80
42,01,1621.00,2913.00
42,10,2192.40,2220.00
43,00,1586.00,960.00
43,01,884.00,593.00
44,00,1271.00,3689.00
44,01,671.00,3341.00
45,00,1265.00,3689.00
45,01,665.00,3341.00
46,00,1709.00,1799.00
46,01,1112.28,1497.97
46,02,634.52,1453.59
46,10,1772.40,654.00
46,12,507.62,592.22
47,00,1284.00,3346.00
47,01,678.00,3022.00
48,00,1087.20,3663.60
48,01,490.00,3333.00
48,10,1142.00,2490.00
49,00,2718.00,738.00
49,01,2107.00,453.00
49,02,1648.00,487.00
50,00,1261.28,3303.69
50,01,652.14,2984.79
50,02,128.99,2999.12
51,00,1217.20,3301.17
51,01,609.60,2986.80
51,02,79.20,3003.84
52,00,1780.80,1834.80
52,01,1190.40,1534.80
53,00,1098.00,3416.00
53,01,494.00,3100.00
54,00,2182.00,1413.00
54,01,1583.00,1115.00
55,00,2137.00,1640.00
55,01,1539.00,1348.00
55,02,1083.00,1326.00
56,00,1054.00,3660.00
56,01,454.00,3332.00
56,10,1112.00,2487.00
57,00,1053.60,3952.80
57,01,463.00,3602.00
57,10,1119.00,2713.00
58,00,2980.80,2784.00
58,01,2237.41,2419.89
58,02,1745.97,2388.79
58,12,1586.30,1806.11
59,00,2678.40,1641.60
59,01,2032.13,1363.39
59,02,1569.02,1373.76
59,10,2915.14,502.85
59,12,1555.20,675.65
60,00,1862.00,1643.00
60,01,1269.00,1339.00
61,00,1826.00,1548.00
61,01,1233.00,1238.00
62,00,1848.96,1643.33
62,01,1150.85,1432.86
62,11,1246.65,691.75
63,00,1852.80,1644.00
63,01,1261.20,1339.20
63,02,792.00,1299.60
63,10,1955.52,453.60
64,00,2448.51,3601.10
64,01,1779.15,3165.14
64,02,1296.00,3122.50
64,10,2336.53,2468.41
64,11,1839.28,2480.03
64,12,1038.53,2441.66
65,00,2271.74,3601.10
65,01,1621.39,3177.09
65,02,1142.55,3143.58
65,11,1697.03,2485.83
66,00,1897.34,1787.44
66,01,1308.00,1491.60
66,10,1993.14,646.96
67,00,1822.69,1650.59
67,01,1229.65,1345.77
67,02,758.94,1306.37
67,11,1336.23,589.73
67,12,665.87,441.93
68,00,1833.12,1653.12
68,01,1240.80,1348.80
68,10,1928.45,466.56
69,00,2002.75,1653.70
69,01,1407.00,1357.00
69,10,2127.51,474.85
70,00,1870.00,1786.00
70,01,1279.00,1487.00
70,02,811.00,1453.00
71,00,1195.20,1287.36
71,01,551.23,921.02
71,11,1846.33,3254.72
72,00,2013.00,1657.00
72,01,1419.00,1360.00
72,02,959.00,1332.00
72,12,886.80,510.00
73,00,1322.40,3290.40
73,01,717.60,2967.60
73,02,198.72,2979.36
74,00,2476.80,1782.72
74,01,1849.20,1500.00
74,02,1392.48,1496.16
74,10,2650.75,667.01
74,11,2017.44,796.32
74,12,1342.66,784.51
75,00,1818.55,1658.88
75,01,1226.88,1354.75
75,10,1911.03,471.79
76,00,1869.12,1784.16
76,01,1277.28,1484.64
76,02,809.28,1450.08
76,11,1385.86,755.14
76,12,705.02,620.35
77,00,2480.00,1782.00
77,01,1852.00,1499.00
77,02,1395.00,1495.00
77,12,1345.20,783.60
78,00,1188.00,3287.52
78,01,579.60,2974.80
78,02,46.08,2992.32
79,00,1264.80,3090.00
79,01,656.92,2781.94
79,02,131.88,2789.41
79,10,1293.60,2040.00
80,00,2473.20,1844.40
80,01,1844.40,1560.00
80,02,1387.20,1555.20
80,10,2635.20,744.00
80,12,1327.20,850.80
81,00,1244.00,3842.00
81,01,647.00,3482.00
82,00,1243.00,3092.00
82,01,636.00,2786.00
82,02,108.00,2794.00
82,11,775.00,2129.00
83,00,1261.00,3092.00
83,01,653.00,2785.00
84,00,1825.00,1550.00
84,01,1231.00,1240.00
85,00,2523.00,3347.00
85,01,1850.00,2934.00
86,00,1226.88,992.16
86,01,581.76,599.04
86,02,60.48,476.64
87,00,2151.60,1779.60
87,01,1552.32,1487.52
87,02,1096.93,1466.04
87,10,2285.28,646.56
87,11,1690.56,767.52
87,12,1020.21,694.24
88,00,2662.50,1250.38
88,01,2034.20,972.52
88,11,2270.59,174.18
89,00,1292.54,3094.85
89,01,689.26,2784.43
89,02,928.14,1488.02
89,10,1320.48,2043.36
89,11,826.12,2130.00
89,12,830.10,686.78
90,00,1874.88,1778.40
90,01,1285.20,1479.60
90,10,1966.46,634.18
91,00,1870.80,1779.60
91,01,1279.20,1480.80
91,10,1962.72,633.60
91,11,1388.16,750.24
92,00,1196.00,1288.00
92,01,552.00,922.80
93,00,2858.00,995.00
93,01,2218.80,728.40
93,02,1750.80,768.00
94,00,1819.00,1776.00
94,01,1228.00,1475.00
94,02,756.00,1436.00
94,12,645.60,595.20
95,00,2470.80,1846.80
95,01,1843.00,1562.00
96,00,2423.00,905.00
96,01,1819.58,604.80
96,02,1368.58,609.98
97,00,1913.93,1775.00
97,01,1323.36,1478.88
97,02,857.09,1444.61
97,10,2013.05,632.03
97,11,1437.70,749.95
97,12,758.94,624.15
98,00,2859.00,997.00
98,01,2219.58,729.08
98,02,1751.78,768.89
99,00,2861.00,998.00
99,01,2222.40,732.00
99,02,1754.40,771.60
100,00,1199.00,3277.00
100,01,590.00,2964.00
100,02,56.40,2980.80
101,00,1234.80,1000.80
101,01,591.84,610.56
102,00,2572.72,2784.13
102,01,1890.72,2440.80
102,02,1424.16,2416.32
102,10,2585.86,1794.58
102,12,1257.12,1785.60
103,00,1882.83,1768.78
103,01,1291.44,1470.60
103,02,823.22,1437.01
103,10,1975.73,622.08
103,11,1403.41,740.52
103,12,721.61,607.15
104,00,1291.44,3107.91
104,01,686.78,2799.36
104,02,164.23,2806.83
104,10,1318.81,2054.94
104,11,825.29,2139.96
105,00,1318.00,1270.00
105,01,688.80,910.80
106,00,1253.00,3349.00
106,01,648.00,3027.00
107,00,2496.61,3628.80
107,01,1749.60,2960.40
107,02,1273.20,2924.40
107,12,1039.20,2258.40
108,00,1252.00,3838.00
108,01,655.00,3477.00
109,00,2146.80,1767.60
109,01,1548.00,1477.00
110,00,1267.00,3837.00
110,01,670.80,3476.40
110,02,142.80,3507.60
111,00,1884.00,1767.00
111,01,1292.00,1468.00
111,02,825.60,1434.00
111,12,722.88,604.80
112,00,2404.00,1852.00
112,01,1783.00,1566.00
113,00,1255.00,3263.00
113,01,647.00,2948.00
113,02,121.00,2962.00
114,00,2497.48,3608.26
114,01,1818.72,3165.12
114,02,1334.74,3120.35
114,11,1876.32,2481.12
115,00,2420.00,3368.00
115,01,1818.72,3169.44
115,02,1336.32,3124.80
116,00,2976.00,1217.00
116,01,2315.52,957.60
116,02,1836.00,999.36
117,00,1225.00,3262.00
117,01,616.90,2951.42
117,02,88.13,2965.25
118,00,2475.88,1764.63
118,01,1850.40,1481.76
118,02,1392.77,1479.17
118,10,2652.55,644.48
118,11,2020.03,774.14
118,12,1343.69,765.16
119,00,1282.80,3260.40
119,01,675.60,2942.40
119,02,153.45,2956.95
119,11,824.00,2274.00
120,00,2956.00,1237.00
120,01,2297.00,977.00
121,00,1597.00,1857.00
121,01,1000.00,1553.00
122,00,2033.46,1289.95
122,01,1436.26,979.40
122,02,979.40,946.56
122,11,1579.59,137.36
123,00,2977.00,1250.00
123,01,2314.14,991.35
123,02,1833.06,1030.58
123,12,1903.57,333.43
124,00,1264.80,3255.60
124,01,657.60,2938.80
124,02,132.00,2953.20
125,00,1246.00,3256.00
125,01,638.00,2940.00
126,00,1249.20,3254.40
126,01,642.00,2938.80
126,02,115.20,2953.20
127,00,2478.00,1762.00
127,01,1851.00,1479.00
128,00,2251.20,1855.20
128,01,1642.00,1566.00
129,00,2425.00,1692.00
129,01,1804.03,1408.32
129,02,1347.84,1403.83
129,11,1971.99,684.29
129,12,1306.37,669.36
130,00,2367.36,1855.87
130,01,1746.80,1567.64
130,02,1294.56,1558.08
130,10,2515.28,752.72
130,11,1901.08,870.91
130,12,1225.15,836.35
131,00,2588.00,2808.00
131,01,1903.00,2451.00
131,02,1436.00,2426.00
131,10,2598.00,1818.00
132,00,1819.00,812.00
132,01,1222.80,453.60
132,02,763.20,394.80
133,00,2059.00,886.00
133,01,1464.00,554.00
134,00,1204.00,1857.00
134,01,576.00,1542.00
135,00,1206.00,1857.00
135,01,577.00,1542.00
135,02,43.00,1481.00
136,00,2753.08,2881.48
136,01,2038.83,2511.81
136,02,1564.66,2481.35
136,12,1391.47,1869.23
137,00,1805.00,814.00
137,01,1206.34,453.87
137,02,743.51,394.15
138,00,2311.15,1698.43
138,01,1702.01,1411.77
138,02,1246.95,1401.02
139,00,1171.00,3242.00
139,01,562.00,2933.00
140,00,1785.60,1696.32
140,01,1192.32,1391.04
140,10,1869.70,521.86
140,11,1294.27,641.09
141,00,1262.00,3158.00
141,01,654.00,2847.00
141,02,129.00,2857.00
141,11,797.00,2187.00
142,00,2381.00,3641.00
142,01,1718.00,3203.00
142,10,2275.00,2497.00
143,00,2014.56,1300.32
143,01,1419.84,986.40
144,00,2726.20,1024.19
144,01,2096.16,748.89
144,02,1633.93,777.55
145,00,2517.00,3681.00
145,01,1837.00,3226.00
146,00,1250.40,3231.60
146,01,642.00,2917.20
146,02,116.40,2930.40
147,00,1236.20,3168.13
147,01,630.72,2856.96
147,02,101.52,2869.53
147,11,776.16,2197.44
148,00,1214.78,3167.42
148,01,604.80,2858.11
148,02,76.03,2870.21
148,10,1249.92,2105.28
149,00,1371.00,1702.00
149,01,754.80,1381.20
150,00,1277.34,3166.39
150,01,670.00,2855.00
150,02,147.23,2863.64
150,10,1306.37,2108.16
150,11,814.00,2196.00
151,00,1266.00,1705.00
151,01,640.00,1379.00
152,00,1815.00,1753.00
152,01,1222.56,1452.96
152,02,751.68,1414.08
153,00,1256.00,3171.00
153,01,648.00,2859.00
154,00,1831.68,1752.19
154,01,1241.28,1450.08
154,02,770.69,1411.78
154,11,1346.11,713.66
154,12,665.63,568.17
155,00,1238.40,3170.40
155,01,630.00,2860.80
156,00,2951.00,1247.00
156,01,2292.00,986.00
157,00,1837.44,1751.04
157,01,1247.04,1450.08
157,02,778.00,1412.00
157,10,1926.72,596.16
157,11,1353.02,713.66
157,12,673.20,570.00
158,00,1280.00,3173.00
158,01,672.00,2860.00
159,00,2468.16,1556.64
159,01,1846.00,1276.00
159,02,1391.04,1274.40
159,10,2687.04,368.06
159,11,2030.40,528.00
159,12,1375.20,528.48
160,00,1226.88,1468.80
160,01,590.40,1122.00
160,02,64.80,1035.60
161,00,1201.00,3223.00
161,01,591.84,2910.24
161,02,58.75,2925.50
162,00,729.00,3803.00
162,01,125.00,3498.00
163,00,2785.92,982.39
163,01,1277.28,1412.64
163,02,809.28,1375.20
163,10,1966.46,547.78
163,11,1387.58,668.74
163,12,713.66,532.22
164,00,1873.20,1714.80
164,01,1281.60,1414.80
165,00,1729.20,1747.20
165,01,1136.00,1442.00
165,10,1800.58,587.52
166,00,2410.56,1860.48
166,01,1787.04,1573.92
166,02,1332.00,1565.28
166,12,1264.90,851.90
167,00,1274.00,3684.00
167,01,674.00,3336.00
168,00,2507.00,1745.00
168,01,1878.00,1463.00
168,02,1419.84,1460.16
168,12,1377.22,748.22
169,00,2593.00,1957.00
169,01,1948.00,1669.00
169,02,1486.00,1666.00
170,00,738.00,3806.40
170,01,135.00,3500.00
170,10,835.00,2597.00
170,11,331.00,2741.00
171,00,1314.00,3217.20
171,01,708.00,2900.00
171,02,189.00,2910.00
172,00,2409.69,1863.25
172,01,1785.02,1577.66
172,02,1329.18,1569.72
172,10,2558.99,767.40
172,11,1940.89,885.43
172,12,1261.58,855.98
173,00,1863.60,1573.20
173,01,1270.80,1266.00
173,02,804.00,1225.20
173,11,1383.84,492.48
174,00,2406.00,3356.00
174,01,1746.00,2950.00
174,02,1270.00,2915.00
174,10,2361.60,2499.84
174,12,1036.00,2249.00
175,00,2460.00,3643.00
175,01,1787.00,3198.00
175,02,1306.00,3155.00
176,00,1210.00,3216.00
176,01,601.00,2905.00
176,02,70.80,2919.60
177,00,2541.07,3642.90
177,01,1855.87,3193.34
177,02,1271.52,2949.12
177,10,2416.16,2500.76
177,12,1032.48,2279.52
178,00,1243.00,3214.00
178,01,635.00,2902.00
179,00,2574.72,3623.04
179,01,1887.00,3173.00
179,11,1800.00,2493.00
180,00,1971.99,1727.31
180,01,1378.94,1430.78
180,02,917.57,1399.68
180,10,2085.21,572.31
180,12,829.44,582.68
181,00,2371.00,1867.00
181,01,1752.19,1579.39
181,02,1299.46,1570.75
181,10,2519.00,769.00
181,11,1905.64,885.43
181,12,1227.57,850.18
182,00,1255.20,3188.40
182,01,647.00,2876.00
182,02,121.00,2888.00
182,10,1288.00,2126.00
182,11,793.00,2215.00
183,00,1259.00,3188.00
183,01,650.40,2876.40
183,10,1290.00,2126.00
183,11,795.60,2214.00
184,00,2592.00,2822.40
184,01,1908.04,2463.44
184,02,1439.24,2436.56
184,10,2599.20,1831.20
184,12,1272.03,1809.51
185,00,2403.00,3359.00
185,01,1743.60,2953.20
185,02,1266.97,2917.56
185,10,2365.92,2504.16
185,12,1034.73,2249.86
186,00,2598.00,2826.00
186,01,1913.00,2468.00
186,02,1444.00,2442.00
187,00,1747.00,1741.00
187,01,1154.00,1435.00
188,00,1751.78,1734.36
188,01,1157.07,1430.78
188,02,681.80,1388.48
188,10,1827.42,570.32
189,00,1238.00,3194.00
189,01,629.00,2883.00
190,00,2504.00,3645.00
190,01,1825.20,3196.80
190,02,1342.08,3150.72
190,11,1882.00,2508.00
190,12,1081.44,2471.04
191,00,1748.00,1737.00
191,01,1156.00,1432.00
192,00,1739.52,1738.08
192,01,1147.68,1432.80
192,10,1812.67,575.42
192,11,1242.43,691.20
193,00,1214.00,3199.00
193,01,606.53,2889.22
193,02,77.76,2903.04
194,00,1234.00,3195.00
194,01,626.00,2884.00
195,00,1757.00,1735.00
195,01,1164.00,1431.60
195,10,1833.60,572.40
196,00,1236.00,3197.00
196,01,627.00,2886.00
196,02,100.00,2898.00
197,00,1281.00,3196.00
197,01,673.20,2878.80
197,02,151.20,2890.80
198,00,1258.00,3196.00
198,01,650.00,2883.00
198,02,124.00,2895.00
199,00,2601.00,2829.00
199,01,1915.20,2469.60
199,02,1446.00,2443.20
200,00,2628.00,2711.00
200,01,1940.00,2364.00
200,02,1472.00,2341.00
201,00,2877.00,3225.00
201,01,2147.00,2810.00
201,02,1656.00,2761.20
201,12,1436.40,2154.00
202,00,1870.00,1571.00
202,01,1692.06,1408.39
202,02,1239.18,1395.95
202,10,2469.41,543.45
202,11,1848.32,680.80
202,12,1185.44,639.00
203,00,2821.00,2506.00
203,01,2769.60,1915.20
203,11,2959.00,1323.00
204,00,2115.00,1642.00
204,01,1517.00,1349.00
205,00,2420.00,908.00
205,01,1819.00,606.00
206,00,2494.54,2751.67
206,01,1824.77,2405.38
206,02,1360.28,2382.57
206,12,1194.39,1743.90
207,00,1760.00,1738.00
207,01,1167.00,1433.00
208,00,2302.00,1608.00
208,01,1694.00,1321.00
209,00,1324.80,3176.40
209,01,718.80,2860.80
210,00,2606.76,1970.75
210,01,1959.55,1681.69
210,02,1495.98,1678.12
210,11,2123.37,1011.92
211,00,1209.60,3403.20
211,01,2152.40,1020.21
212,00,1236.00,1791.60
212,01,609.12,1471.68
213,00,2421.14,3413.98
213,01,1759.24,3000.91
213,02,1281.48,2963.17
213,10,2336.95,2320.36
213,11,1830.99,2341.09
213,12,1043.02,2295.48
214,00,2738.00,3022.00
214,01,2028.00,2638.00
214,02,1550.00,2602.00
214,10,2707.00,2019.00
214,12,1359.00,1987.00
215,00,2780.40,2866.80
215,01,2065.00,2499.00
216,00,1822.80,1604.40
216,01,1230.00,1297.20
217,00,2127.60,922.80
217,01,1532.40,598.80
218,00,2420.64,3427.20
218,01,1756.80,3012.00
218,02,1279.20,2976.00
218,10,2332.80,2331.60
218,12,1039.20,2305.20
219,00,2426.40,3427.20
219,01,1762.56,3011.04
219,10,2338.00,2331.00
219,11,1832.40,2347.20
220,00,2417.47,3430.08
220,01,1755.65,3015.36
220,02,1278.00,2979.00
220,10,2331.36,2334.24
220,11,1825.92,2351.52
220,12,1038.00,2309.00
221,00,1233.79,3435.96
221,01,626.23,3110.40
222,00,2485.20,3687.60
222,01,1809.00,3235.00
223,00,1252.80,3263.04
223,01,645.12,2947.68
224,00,2455.49,3443.90
224,01,1788.48,3026.88
224,11,1856.40,2361.60
225,00,2404.80,1866.00
225,01,1783.20,1579.20
226,00,2820.10,1404.86
226,01,2168.64,1135.30
227,00,2409.12,3682.08
227,01,1742.40,3236.40
228,00,1827.36,1755.36
228,01,1236.96,1454.40
228,02,766.80,1417.20
228,10,1914.62,601.34
228,11,1340.93,718.85
228,12,660.96,573.12
229,00,1313.28,1300.32
229,01,684.00,940.32
230,00,2422.80,3385.20
230,01,1761.00,2976.00
231,00,2519.42,3603.92
231,01,1762.00,2973.00
231,10,2401.92,2472.77
232,00,1909.20,1774.80
232,01,1319.00,1477.00
233,00,1209.32,1858.78
233,01,580.48,1544.35
233,11,627.06,813.38
234,00,2807.65,1308.44
234,01,2160.69,1038.87
234,02,1692.06,1065.00
235,00,2671.20,1294.80
235,01,2038.80,1017.60
236,00,1306.08,3166.56
236,01,699.60,2852.40
236,02,179.00,2861.00
236,10,1333.20,2106.00
236,11,842.00,2193.00
237,00,2716.05,788.30
237,01,2104.70,504.58
237,02,1647.36,535.68
237,11,2059.00,1785.00
237,12,1167.60,2916.00
238,00,2151.60,1777.20
238,01,1551.60,1486.80
238,02,1095.60,1466.40
238,11,1690.56,767.52
239,00,1215.60,3166.80
239,01,606.00,2859.00
239,02,76.00,2871.00
239,11,752.00,2196.00
240,00,2664.00,1290.00
240,01,2032.13,1011.92
240,02,1570.75,1031.62
240,11,2266.86,216.48
241,00,2589.60,2810.40
241,01,1904.40,2454.00
241,02,1437.00,2428.00
241,10,2599.00,1821.00
241,11,2021.00,1857.00
241,12,1268.00,1800.00
242,00,1743.90,1737.68
242,01,1150.56,1435.68
242,02,673.92,1392.48
242,10,1816.47,577.29
242,12,559.87,527.04
243,00,1870.80,1779.60
243,01,1279.20,1480.80
244,00,2516.40,3673.20
244,01,1836.00,3220.00
245,00,1202.40,3256.80
245,01,592.80,2943.60
246,00,1198.80,3256.80
246,01,590.40,2944.80
247,00,2492.40,3673.20
247,01,1815.00,3222.00
248,00,1820.16,815.04
248,01,1223.42,456.19
249,00,2666.65,1314.66
249,01,2034.20,1036.80
249,02,1571.79,1055.46
249,11,2264.37,244.68
249,12,1611.19,306.89
250,00,2505.60,3081.60
250,01,1842.00,2699.00
250,11,1920.00,2068.00
251,00,2439.60,3672.00
251,01,1768.80,3225.60
251,10,2324.00,2522.00
252,00,2691.36,1631.52
252,01,2044.57,1354.06
252,02,1580.08,1363.60
252,10,2934.14,489.37
252,11,2249.44,641.99
252,12,1573.61,662.89
253,00,2580.48,2802.24
253,01,1898.40,2446.80
253,02,1430.40,2421.60
253,10,2589.60,1812.00
253,12,1261.20,1792.80
254,00,1264.90,3083.44
254,01,655.72,2776.97
254,02,131.38,2782.94
255,00,2364.48,3667.68
255,01,1704.00,3228.00
255,10,2257.20,2517.60
256,00,2980.80,2800.80
256,01,2239.49,2436.56
256,02,1746.72,2403.36
256,11,2357.73,1856.09
256,12,1585.44,1821.60
257,00,2012.40,1281.60
257,01,1418.40,968.40
257,02,961.20,936.00
258,00,2576.16,2800.80
258,01,1893.60,2445.60
258,02,1426.80,2420.40
259,00,1974.24,1730.88
259,01,1382.40,1434.24
259,02,920.16,1404.00
259,10,2087.42,575.42
259,12,829.44,582.68
260,00,2962.80,3370.80
260,01,2221.00,2932.00
260,02,1721.00,2874.00
260,12,1480.00,2267.00
261,00,2421.60,3370.80
261,01,1759.20,2961.60
261,02,1282.80,2925.60
261,12,1048.80,2259.60
262,00,2406.00,3370.80
262,01,1745.28,2963.52
262,02,1268.40,2928.00
262,11,1819.20,2305.20
263,00,2664.00,1275.84
263,01,2032.13,998.78
263,02,1570.80,1018.80
263,12,1618.56,259.20
264,00,2364.00,1852.80
264,01,1746.00,1566.00
264,10,2512.80,748.80
265,00,1240.70,3252.10
265,01,632.45,2937.60
265,02,105.75,2950.73
266,00,2676.67,1726.27
266,01,2024.50,1448.20
266,02,1558.68,1457.16
266,10,2892.67,607.56
266,11,2217.99,748.89
267,00,2683.58,1636.42
267,01,2036.16,1360.80
267,02,1572.48,1372.32
268,00,2387.52,3365.28
268,01,1730.00,2960.00
268,02,1254.00,2926.00
268,10,2311.20,2281.20
269,00,2736.00,3020.40
269,01,2026.80,2635.20
269,02,1548.00,2599.20
269,12,1357.92,1984.32
270,00,763.78,3651.26
270,01,159.60,3352.80
270,10,848.00,2477.00
270,11,339.00,2615.00
271,00,1864.80,1642.80
271,01,1272.00,1339.20
272,00,2809.31,3015.84
272,01,2096.06,2628.29
272,02,1610.50,2590.27
273,00,2407.10,3360.96
273,01,1747.20,2954.40
273,02,1270.80,2918.40
273,10,2368.88,2495.79
273,12,1038.00,2252.40
274,00,1857.60,1644.00
274,01,1266.00,1339.20
275,00,2483.14,3646.08
275,01,1807.20,3199.68
275,02,1324.80,3154.80
275,11,1866.00,2510.40
275,12,1064.40,2474.40
276,00,2885.76,2927.23
276,01,2158.00,2549.00
276,02,1672.00,2513.00
277,00,1834.80,1645.20
277,01,1241.67,1341.20
277,11,1348.67,582.27
278,00,2576.40,2786.40
278,01,1894.00,2433.00
279,00,1833.41,1646.78
279,01,1242.43,1342.66
279,02,772.42,1301.18
279,10,1930.52,458.27
279,11,1349.91,584.76
279,12,680.14,437.53
280,00,1862.09,1644.36
280,01,1272.00,1344.00
280,02,805.20,1304.40
280,10,1964.78,456.86
281,00,2952.00,1265.76
281,01,2292.00,1004.40
281,02,1814.40,1042.56
281,11,2566.08,216.00
281,12,1880.64,341.28
282,00,373.25,229.92
282,01,1892.00,2428.00
282,02,1425.00,2404.00
282,12,1260.00,1774.00
283,00,2977.92,2779.20
283,01,2236.80,2416.80
283,02,1746.00,2386.80
283,12,1587.60,1803.60
284,00,1269.60,3092.40
284,01,661.20,2784.00
285,00,2755.47,877.88
285,01,689.00,2784.00
285,02,166.00,2791.00
285,10,1318.81,2045.40
286,00,696.96,3644.64
286,01,84.96,3352.32
287,00,2679.84,2702.88
287,01,1984.80,2354.40
287,02,1514.40,2331.60
287,12,1360.80,1714.80
288,00,1245.60,3094.80
288,01,636.60,2786.92
288,02,107.00,2796.87
288,10,1275.00,2043.00
289,00,2725.92,914.40
289,01,2108.16,635.04
290,00,2854.66,2771.71
290,01,2132.49,2411.18
290,02,1650.59,2384.64
290,12,1490.50,1786.61
291,00,2318.98,3640.90
291,01,1663.20,3208.32
292,00,2796.00,2706.00
292,01,2083.20,2354.40
292,02,1607.00,2331.00
293,00,720.00,3573.60
293,01,109.20,3282.00
293,10,801.60,2415.60
294,00,2438.40,1800.00
294,01,1815.00,1516.00
295,00,2980.80,2774.40
295,01,2240.00,2412.00
295,02,1748.16,2381.76
295,12,1591.20,1798.80
296,00,1211.04,3306.24
296,01,603.36,2990.88
297,00,2520.00,3640.80
297,01,1839.00,3191.00
297,02,1356.00,3145.00
297,10,2398.00,2499.00
297,11,1895.00,2503.00
297,12,1095.00,2469.00
298,00,2205.60,3306.00
298,01,1570.80,2917.20
299,00,2201.76,3307.68
299,01,1568.40,2919.60
299,10,2141.28,2223.36
299,11,1650.00,2259.00
300,00,2985.60,2770.80
300,01,2242.94,2407.10
300,02,1752.19,2377.73
300,12,1593.22,1795.39
301,00,1257.98,3144.96
301,01,649.04,2836.69
301,02,121.93,2846.64
301,10,1285.63,2089.15
301,12,1125.96,2994.28
302,00,2426.40,3346.80
302,01,1764.00,2940.00
302,02,1288.00,2905.00
303,00,2580.00,2769.60
303,01,1898.00,2418.00
303,02,1431.00,2394.00
303,10,2595.60,1782.00
303,11,2017.00,1822.00
303,12,1267.00,1765.00
304,00,2311.20,3585.60
304,01,1658.00,3160.00
304,10,2218.00,2454.00
304,11,1730.00,2474.00
305,00,2832.00,1429.20
305,01,2180.16,1160.64
305,02,1707.84,1188.00
306,00,2485.20,2767.20
306,01,1816.80,2418.00
307,00,1753.20,1836.00
307,01,1161.60,1534.80
308,00,2316.21,1700.35
308,01,1707.84,1415.52
308,02,1252.45,1403.83
308,10,2485.83,552.41
308,11,1866.24,688.32
308,12,1202.69,651.11
309,00,2318.40,3637.44
309,01,1663.20,3205.20
309,10,2220.00,2493.60
310,00,2352.00,3637.20
310,01,1693.20,3201.60
310,02,1213.00,3165.00
310,11,1761.00,2509.00
311,00,1716.94,1804.03
311,01,1124.40,1501.20
311,10,1781.64,664.38
312,00,1279.20,3241.20
312,01,672.00,2924.40
313,00,2273.00,3598.00
313,01,1624.00,3174.00
313,10,2183.00,2463.00
314,00,2305.15,3599.42
314,01,1650.59,3172.61
314,02,1171.58,3137.36
314,10,2210.40,2463.84
314,11,1724.54,2483.14
314,12,916.53,2440.63
315,00,2422.66,3341.95
315,01,1761.60,2937.60
315,02,1285.20,2902.80
315,12,1053.60,2238.00
316,00,2455.20,3601.20
316,01,1784.40,3162.00
316,02,1181.00,3135.00
316,10,2346.00,2468.00
316,11,1846.00,2478.00
317,00,2446.80,1831.20
317,01,1821.31,1544.83
317,02,1365.12,1537.92
318,00,2499.60,3627.60
318,01,1821.60,3182.40
318,02,1339.20,3138.00
318,11,1879.00,2496.00
318,12,1080.00,2460.00
319,00,1755.76,1830.41
319,01,1164.53,1531.81
319,02,684.29,1490.50
319,10,1823.84,698.72
319,11,1257.70,806.22
319,12,561.37,644.97
320,00,2363.04,3602.88
320,01,1703.52,3172.32
320,02,1224.00,3134.40
320,10,2263.20,2468.40
320,11,1771.20,2484.00
320,12,967.20,2443.20
321,00,2600.64,3625.92
321,01,1910.00,3174.00
321,10,2472.00,2490.00
322,00,2502.00,2755.20
322,01,1832.40,2407.20
322,02,1366.50,2382.57
322,12,1202.69,1743.90
323,00,2499.60,3624.00
323,01,1823.00,3179.00
323,11,1880.00,2493.00
324,00,1244.40,3112.80
324,01,635.90,2804.54
324,02,108.86,2813.18
324,10,1274.00,2056.00
325,00,2506.80,2752.80
325,01,1836.00,2404.80
326,00,2774.40,957.60
326,01,2145.60,684.00
326,02,1681.92,718.56
327,00,2449.44,3607.20
327,01,1779.60,3168.00
327,10,2340.00,2473.20
328,00,2925.60,2979.60
328,01,2186.40,2594.40
328,02,1694.13,2554.68
328,12,1509.58,1961.63
329,00,2272.33,3607.07
329,01,1622.39,3182.56
329,02,1143.63,3150.21
329,11,1697.03,2490.81
329,12,886.84,2448.51
330,00,2652.13,2730.93
330,01,1961.28,2381.18
330,02,1490.50,2356.44
330,11,2083.97,1788.48
330,12,1331.25,1736.85
331,00,2011.39,1672.70
331,01,1415.52,1375.20
331,02,957.31,1346.11
331,10,2135.81,499.74
331,11,1544.83,630.72
332,00,2898.79,2963.29
332,01,2167.33,2580.39
332,02,1679.62,2543.06
332,12,1492.99,1948.35
333,00,2373.60,1818.00
333,01,1755.60,1531.20
333,02,1300.80,1522.80
334,00,2012.40,1674.00
334,01,1418.40,1376.64
334,02,959.04,1347.84
334,10,2138.40,501.12
335,00,2655.60,2732.40
335,01,1963.00,2382.00
335,02,1493.00,2358.00
335,10,2678.40,1749.60
336,00,1264.80,3841.20
336,01,667.20,3478.80
336,10,1303.00,2640.00
337,00,2449.20,1233.60
337,01,1838.00,1065.00
337,11,2036.40,267.60
338,00,2660.40,2739.60
338,01,1967.00,2389.00
339,00,1886.40,1544.40
339,01,1294.00,1238.00
339,02,828.00,1199.00
340,00,2654.40,2739.60
340,01,1963.01,2386.37
340,02,1493.28,2363.04
340,11,2085.70,1793.66
341,00,2894.40,2968.70
341,01,2165.76,2584.80
341,02,1677.89,2545.34
341,12,1492.99,1950.91
342,00,2593.20,2755.20
342,01,1909.20,2404.80
342,02,1441.20,2380.80
343,00,1212.48,1857.60
343,01,584.76,1540.69
343,11,632.03,806.22
344,00,2954.88,1266.97
344,01,2296.80,1006.56
344,02,1818.00,1044.00
344,11,2571.26,217.73
344,12,1884.96,342.72
345,00,2670.80,1306.37
345,01,2037.93,1032.65
345,11,2272.33,235.89
346,00,2308.32,3595.68
346,01,1654.56,3169.44
346,02,1175.04,3134.88
346,11,1726.80,2481.60
346,12,920.16,2437.92
347,00,2275.20,3607.20
347,01,1624.80,3180.00
348,00,2800.80,897.12
348,01,2171.52,626.40
349,00,2604.96,2714.40
349,01,1919.52,2367.36
349,02,1452.96,2344.32
349,12,1296.00,1719.36
350,00,1278.72,3240.00
350,01,671.04,2923.20
350,02,148.61,2934.14
351,00,1283.90,3264.19
351,01,676.80,2946.24
351,02,154.08,2959.20
351,10,1314.72,2188.80
352,00,1224.00,3265.92
352,01,616.32,2952.00
352,10,1260.00,2190.00
353,00,1249.92,3229.92
353,01,642.24,2916.00
354,00,2823.55,1389.31
354,01,2173.82,1119.74
355,00,1221.12,1853.28
355,01,594.72,1539.36
356,00,2472.48,1805.76
356,01,1844.64,1523.52
356,02,1388.16,1517.76
356,12,1333.44,807.84
357,00,2498.40,3620.16
357,01,1822.00,3176.00
357,02,1337.76,3130.56
357,11,1879.00,2491.00
357,12,1080.00,2454.00
358,00,2801.85,970.45
358,01,2169.82,699.22
359,00,2296.51,3628.80
359,01,1644.00,3196.80
359,02,1164.96,3165.12
359,11,1716.00,2504.40
359,12,906.00,2466.00
360,00,2400.19,3627.07
360,01,1737.68,3191.27
360,10,2293.92,2488.32
360,11,1802.30,2500.42
361,00,2296.80,3630.24
361,01,1644.00,3200.40
362,00,2422.66,3347.14
362,01,1761.60,2942.40
362,02,1285.20,2907.60
363,00,2351.52,3636.00
363,01,1692.00,3201.12
364,00,1218.24,3302.21
364,01,611.71,2985.98
365,00,2832.19,1427.33
365,01,2180.74,1159.49
365,02,1707.26,1187.14
365,11,2415.74,414.72
366,00,2407.68,3360.96
366,01,1747.20,2954.40
367,00,1280.16,3303.36
367,01,673.92,2982.24
368,00,2198.88,3303.36
368,01,1565.28,2914.56
368,10,2138.40,2219.04
369,00,2471.04,1617.41
369,01,1846.80,1336.80
369,02,1391.04,1339.20
369,10,2676.67,451.01
369,12,1365.12,601.34
370,00,2482.56,3641.76
370,01,1807.20,3195.36
370,02,1324.80,3151.20
370,11,1866.00,2506.80
370,12,1064.40,2470.80
371,00,2560.32,3643.20
371,01,1874.40,3190.80
371,11,1927.20,2504.40
372,00,2495.79,3630.46
372,01,1749.60,2960.40
372,10,2378.42,2492.47
373,00,1833.12,1648.80
373,01,1242.43,1342.66
374,00,2479.68,3644.64
374,01,1804.80,3198.00
374,02,1323.00,3154.00
374,11,1863.00,2509.00
374,12,1062.00,2473.00
375,00,2388.10,3367.87
375,01,1729.44,2962.08
375,10,2311.20,2283.84
375,11,1804.80,2305.20
376,00,2533.31,3644.10
376,01,1851.31,3195.00
377,00,1239.84,3444.48
377,01,635.04,3117.60
378,00,694.08,3646.08
378,01,82.08,3353.76
379,00,2469.60,1632.96
379,01,1847.52,1350.72
379,02,1391.04,1350.72
379,12,1363.39,615.17
380,00,1970.75,1725.90
380,01,1376.54,1430.29
380,02,916.70,1400.43
380,10,2081.83,569.73
380,11,1497.77,695.14
380,12,827.72,580.48
381,00,1264.90,3124.22
381,01,656.64,2814.91
381,02,130.64,2824.24
381,10,1292.54,2068.42
382,00,2499.84,3646.08
382,01,1823.00,3198.00
382,11,1879.00,2509.00
383,00,1249.34,3442.18
383,01,646.56,3116.16
383,02,119.52,3137.76
384,00,2560.32,3647.52
384,01,1873.44,3195.36
384,02,1389.60,3146.40
384,10,2434.80,2503.20
385,00,2515.28,3641.24
385,01,1836.38,3192.52
385,02,1353.65,3145.24
385,10,2326.00,2292.00
386,00,2420.64,3381.12
386,01,1837.21,3168.46
386,02,1354.06,3122.84
386,11,1895.62,2483.14
387,00,2596.32,2823.84
387,01,1910.88,2465.28
387,02,1442.40,2439.60
388,00,2590.34,2811.80
388,01,1905.64,2457.22
388,11,2021.76,1860.02
389,00,2420.64,3427.20
389,01,1756.80,3012.00
390,00,1859.67,1644.68
390,01,1268.45,1340.11
390,02,799.05,1304.28
391,00,2538.09,3610.55
391,01,1857.28,3165.14
391,02,1370.57,3117.37
391,10,2417.82,2477.95
391,11,1911.03,2480.86
391,12,1113.77,2445.52
392,00,2413.44,3676.32
392,01,1746.00,3231.60
392,10,2300.40,2526.00
392,11,1808.00,2536.00
393,00,1099.01,3414.53
393,01,494.21,3098.30
393,11,649.73,2393.28
394,00,2023.00,1288.95
394,01,1427.30,976.42
394,02,970.45,943.57
395,00,1255.68,3172.32
395,01,646.56,2861.28
395,02,120.96,2871.36
396,00,2570.93,3633.94
396,01,1885.25,3182.98
396,02,1399.68,3134.59
396,12,1138.75,2465.86
397,00,2716.42,736.13
397,01,2104.70,452.04
397,02,1646.44,485.22
398,00,1269.04,3253.48
398,01,661.48,2936.22
398,02,136.86,2951.15
398,10,1300.15,2181.43
399,00,2651.55,2805.63
399,01,1955.82,2448.51
399,02,1484.03,2421.63
399,10,2663.50,1824.44
399,11,2075.26,1858.78
399,12,1319.81,1800.55
400,00,1910.88,1535.04
400,01,1319.04,1229.76
401,00,2752.70,2885.76
401,01,2040.42,2515.28
401,02,1563.84,2484.86
401,10,2750.98,1900.80
401,11,2154.47,1922.23
401,12,1391.04,1873.15
402,00,2427.61,1687.08
402,01,1806.11,1403.83
402,02,1351.99,1399.68
402,10,2612.74,540.46
402,11,1975.73,679.31
402,12,1311.34,666.87
403,00,2533.31,3608.26
403,01,1851.73,3162.24
403,10,2415.66,2475.38
404,00,2671.20,1271.52
404,01,2037.31,995.33
404,02,1575.94,1016.06
405,00,2492.40,3079.20
405,01,1832.00,2696.00
405,02,1358.40,2664.00
405,10,2440.80,2034.00
405,11,1909.00,2065.00
405,12,1150.80,2028.00
406,00,2489.76,1776.96
406,01,1861.06,1494.72
406,02,1403.41,1492.99
406,12,1354.44,784.72
407,00,1202.40,3216.00
407,01,593.28,2905.92
407,02,60.48,2922.05
407,10,1238.40,2148.48
408,00,2312.64,3636.00
408,01,1658.88,3201.98
408,02,1179.88,3168.46
408,11,1729.44,2509.92
408,12,920.68,2469.66
409,00,2505.60,1743.55
409,01,1877.76,1461.60
409,02,1419.84,1460.16
409,10,2691.53,615.86
410,00,2950.56,1245.60
410,01,2291.04,984.96
411,00,1241.28,3425.76
411,01,636.48,3098.88
412,00,2388.96,3376.80
412,01,1730.40,2970.00
413,00,1092.79,1976.14
413,01,453.60,1668.96
413,10,1057.54,858.47
414,00,2592.00,1956.10
414,01,1946.88,1668.96
415,00,1791.94,1691.71
415,01,1199.52,1386.72
415,10,1876.61,516.33
416,00,1814.40,1753.92
416,01,1222.56,1452.96
416,10,1899.07,599.62
417,00,2589.12,2757.60
417,01,1905.60,2407.20
418,00,2432.16,3404.16
418,01,1767.60,2991.60
418,11,1838.00,2330.00
419,00,1761.73,1816.47
419,01,1170.51,1516.88
419,02,695.73,1475.08
419,10,1833.39,680.80
419,11,1269.04,791.29
419,12,573.31,630.64
420,00,1085.70,1999.42
420,01,442.92,1692.06
420,10,1053.46,885.05
421,00,1821.60,1601.28
421,01,1228.32,1294.56
421,10,1919.81,395.71
422,00,2675.52,2836.80
422,01,1970.75,2475.98
422,02,1503.36,2448.92
422,11,2085.41,1877.59
422,12,1333.32,1828.92
423,00,2460.96,3451.68
423,01,1791.94,3030.91
423,02,1313.28,2989.44
423,10,2367.60,2350.80
423,11,1859.04,2365.92
423,12,1069.92,2324.16
424,00,592.22,199.07
424,01,1754.40,1580.40
425,00,2436.48,1800.00
425,01,1813.20,1515.60
425,02,1358.40,1509.60
426,00,2894.40,2918.88
426,01,2163.60,2538.00
427,00,1198.08,3276.00
427,01,588.96,2963.52
428,00,1239.84,1792.80
428,01,612.00,1473.12
429,00,2878.56,3225.60
429,01,2148.48,2810.88
429,02,1657.44,2761.92
430,00,2369.09,1862.78
430,01,1750.46,1575.94
430,02,1294.27,1565.57
431,00,1936.80,1385.28
431,01,2142.74,630.64
431,02,1680.51,659.31
432,00,2001.60,1653.12
432,01,1408.32,1356.48
433,00,2828.16,2507.04
433,01,2124.00,2175.84
433,02,1646.00,2160.00
433,12,1517.00,1560.00
434,00,2698.56,2738.88
434,01,2033.86,974.59
434,02,1528.00,2362.00
434,10,2721.60,1758.00
434,11,2270.59,174.53
435,00,2063.52,882.72
435,01,1470.24,551.52
435,02,1019.52,519.84
436,00,1200.96,3221.28
436,01,591.60,2910.00
437,00,1820.16,1654.56
437,01,1228.32,1349.28
438,00,1268.64,3395.52
438,01,662.40,3070.08
439,00,2316.96,1825.92
439,01,1704.96,1537.92
440,00,1211.33,3402.43
440,01,604.80,3081.02
441,00,2504.16,2754.72
441,01,1830.99,2405.38
441,02,1366.50,2382.57
441,10,2518.56,1762.56
442,00,2351.81,3633.98
442,01,1693.20,3201.60
443,00,2388.96,3362.40
443,01,1729.44,2957.76
443,10,2312.40,2278.80
443,11,1804.80,2300.40
444,00,2413.67,3411.49
444,01,1884.16,3180.07
444,02,1272.96,2963.52
444,10,2328.65,2318.29
445,00,2808.00,1308.10
445,01,2160.69,1038.87
446,00,2417.82,3429.73
446,01,1755.65,3015.36
446,02,1276.99,2977.34
447,00,1824.44,1651.25
447,01,1229.03,1347.28
447,10,1917.00,465.81
448,00,2462.40,3678.91
448,01,1740.10,3233.09
449,00,2846.02,2773.44
449,01,2129.01,2415.66
449,02,1645.28,2385.80
449,12,1485.53,1789.10
450,00,1052.56,3951.45
450,01,461.38,3601.15
450,10,1117.67,2712.27
451,00,1235.87,1001.55
451,01,593.05,611.71
451,02,72.58,491.44
452,00,2678.40,1639.87
452,01,2031.84,1363.68
453,00,2662.30,1275.61
453,01,2035.25,996.12
454,00,1268.35,3091.39
454,01,660.10,2783.81
455,00,2802.82,969.41
455,01,2172.10,699.84
456,00,2745.45,2882.30
456,01,2036.28,2513.20
456,02,1558.66,2483.14
456,11,2150.32,1922.23
456,12,1385.86,1871.42
457,00,2420.93,3616.70
457,01,1906.56,3170.88
457,10,2314.08,2479.68
458,00,2773.38,953.13
458,01,2142.74,684.39
458,02,1680.51,716.64
459,00,2382.91,3642.62
459,01,1719.36,3203.71
459,02,1238.98,3163.97
459,10,2276.64,2498.40
460,00,1804.03,815.62
460,01,1204.42,456.19
460,02,742.35,393.98
461,00,2358.72,3668.54
461,01,1697.76,3229.92
462,00,2533.94,3647.46
462,01,1852.42,3196.80
462,10,2412.29,2505.60
462,11,1906.56,2508.48
463,00,2514.20,3613.04
463,01,1758.24,2970.72
463,02,1353.65,3122.84
464,00,1828.22,1753.92
464,01,1235.52,1453.25
464,02,769.31,1412.12
464,10,1913.93,599.27
464,11,1339.55,717.47
464,12,659.40,569.83
465,00,2517.70,3613.25
465,01,1837.44,3169.44
466,00,2921.70,2979.76
466,01,2185.92,2593.44
467,00,2476.22,1764.29
467,01,1848.96,1482.62
467,02,1392.77,1479.17
468,00,2897.86,2956.61
468,01,2166.91,2573.34
468,02,1679.62,2536.70
468,12,1494.72,1944.00
469,00,2318.98,1819.58
469,01,1705.54,1532.74
469,10,2465.51,705.02
470,00,1871.22,1781.64
470,01,1280.99,1484.03
470,02,812.19,1448.20
470,10,1964.78,639.00
471,00,2894.40,2942.78
471,01,2162.88,2561.76
472,00,2664.58,2844.98
472,01,1969.92,2484.86
472,02,1497.60,2458.08
472,11,2079.82,1889.05
472,12,1327.68,1837.44
473,00,2410.56,3417.98
473,01,1749.60,3003.84
473,11,1821.60,2341.20
474,00,2499.27,3610.06
474,01,1821.60,3168.00
474,02,1338.72,3122.84
474,10,2381.32,2475.88
474,11,1879.20,2482.56
474,12,1079.93,2446.02
475,00,2671.49,1313.28
475,01,2039.04,1038.24
475,02,1576.80,1056.96
475,11,2270.59,241.92
476,00,2346.98,3657.83
476,01,1687.91,3220.30
477,00,2314.74,3636.93
477,01,1658.88,3201.64
477,10,2215.60,2490.31
478,00,1254.53,3196.80
478,01,646.27,2885.76
478,02,122.69,2896.13
479,00,1221.70,1852.42
479,01,594.43,1537.92
480,00,1237.25,3459.46
480,01,632.45,3131.14
481,00,2445.12,1829.95
481,01,1821.31,1544.83
482,00,2457.22,3608.06
482,01,1785.60,3168.00
482,10,2346.62,2474.50
483,00,2503.87,3082.75
483,01,1840.32,2699.14
483,02,1366.85,2668.03
483,12,1159.49,2032.13
484,00,2270.59,3604.61
484,01,1620.86,3179.52
484,02,1142.21,3146.69
484,10,2180.16,2468.16
484,11,1696.32,2489.76
484,12,886.46,2443.39
485,00,2538.09,3610.14
485,01,1857.60,3169.15
485,02,1373.76,3119.04
485,12,1114.56,2446.56
486,00,2607.76,2712.27
486,01,1922.23,2365.98
486,02,1455.67,2343.17
486,10,2630.15,1726.89
486,11,2042.50,1770.85
487,00,2023.49,1287.36
487,01,1428.30,975.42
487,02,972.86,943.49
487,11,1573.61,134.37
488,00,2479.68,3628.80
488,01,1805.76,3184.70
488,10,2364.48,2491.20
488,11,1866.24,2496.96
489,00,2460.67,3646.08
489,01,1787.04,3201.12
489,02,1306.08,3157.92
490,00,2669.76,1292.54
490,01,2037.31,1016.06
490,02,1573.86,1032.65
490,12,1619.90,281.18
491,00,2460.67,3640.90
491,01,1787.04,3196.80
491,02,1306.08,3153.60
491,11,1847.52,2509.92
492,00,2471.04,1631.23
492,01,1848.96,1351.30
493,00,2578.18,2799.36
493,01,1895.04,2445.12
494,00,2669.76,1271.81
494,01,2037.31,995.33
495,00,1230.34,3687.55
495,01,630.72,3343.68
495,02,100.22,3373.06
496,00,2293.24,3636.93
496,01,1642.29,3202.47
496,02,1162.05,3167.63
496,10,2197.19,2490.81
496,11,1714.87,2509.06
497,00,2403.30,3388.26
497,01,1743.90,2981.84
497,10,2322.43,2299.97
497,11,1816.47,2320.36
498,00,2388.10,3367.87
498,01,1729.44,2962.08
499,00,2419.89,3423.51
499,01,1757.38,3010.18
500,00,1831.68,1651.97
500,01,1237.94,1345.77
500,02,769.31,1306.37
500,12,676.82,442.92
501,00,1241.67,3418.95
501,01,637.01,3095.47
501,02,109.49,3115.38
502,00,2408.83,1859.33
502,01,1786.75,1572.48
502,02,1330.56,1563.84
502,10,2560.90,761.01
502,12,1264.90,850.18
503,00,1453.25,1112.83
503,01,832.90,746.50
504,00,1815.48,1755.76
504,01,1225.45,1454.77
504,02,752.47,1415.36
504,10,1899.09,601.97
504,11,1329.36,716.64
504,12,644.97,569.73
505,00,1779.15,1812.33
505,01,1188.17,1511.65
505,02,713.32,1472.26
505,10,1853.80,674.33
505,11,1286.46,786.31
505,12,594.71,629.55
506,00,1261.44,3253.82
506,01,654.91,2937.60
507,00,1256.26,3215.81
507,01,649.45,2901.38
507,02,121.93,2916.31
508,00,1245.89,3354.05
508,01,637.63,3034.37
509,00,1275.26,3404.16
509,01,670.46,3077.57
510,00,1237.25,3454.27
510,01,632.45,3127.68
511,00,2662.50,1287.71
511,01,2032.13,1011.92
512,00,2626.56,2711.23
512,01,1938.24,2364.48
512,02,1470.24,2341.44
513,00,2726.78,2754.43
513,01,2023.20,2400.00
513,02,1549.20,2374.80
513,12,1390.80,1762.80
514,00,2851.62,3346.79
514,01,2128.32,2918.88
514,02,1636.80,2866.80
515,00,2764.80,2880.58
515,01,2051.14,2512.51
516,00,1441.15,1101.08
516,01,821.15,736.13
516,02,327.63,657.33
517,00,2961.79,2700.86
517,01,2229.12,2346.62
518,00,1440.74,1114.77
518,01,821.15,746.50
518,02,328.46,659.40
519,00,1241.67,3458.77
519,01,637.01,3130.31
520,00,2420.93,907.20
520,01,1819.58,604.80
521,00,1214.78,3167.42
521,01,604.80,2858.11
522,00,2395.01,1867.97
522,01,1774.08,1579.68
522,02,1318.46,1570.75
522,12,1250.38,856.40
523,00,729.91,3800.91
523,01,126.49,3496.09
524,00,2309.16,1637.31
524,01,1700.35,1349.91
524,02,1245.89,1337.47
524,11,1861.26,609.64
525,00,2847.74,3096.58
525,01,2119.68,2698.56
525,02,1632.96,2655.36
526,00,1261.44,3170.88
526,01,653.76,2859.84
526,02,129.60,2869.92
527,00,1971.65,1726.27
527,01,1378.94,1430.78
528,00,2564.35,2968.70
528,01,1880.00,2598.00
528,02,1410.00,2568.00
529,00,2388.79,1806.52
529,01,1770.85,1522.02
529,02,1316.74,1511.65
529,10,2550.03,689.76
529,11,1928.45,817.00
529,12,1254.53,790.04
530,00,1051.32,3952.28
530,01,460.34,3601.84
530,10,1118.02,2711.23
530,11,640.74,2834.61
531,00,2791.07,1300.15
531,01,2142.44,1030.16
531,02,1672.15,1057.04
531,11,2389.98,240.07
532,00,2307.92,1696.21
532,01,1698.28,1410.05
533,00,1200.61,3218.23
533,01,592.70,2908.22
534,00,1254.53,3216.15
534,01,649.04,2903.04
534,02,122.34,2913.41
535,00,734.05,3939.84
535,01,134.78,3625.34
536,00,1254.53,3203.71
536,01,649.04,2890.60
537,00,1210.98,3201.64
537,01,601.92,2892.96
537,02,70.85,2906.50
538,00,1216.79,3185.05
538,01,607.15,2874.01
538,02,77.14,2886.45
538,11,753.96,2212.12
539,00,2820.10,1405.90
539,01,2168.99,1134.26
540,00,1451.52,1103.16
540,01,831.51,736.13
540,02,338.41,646.96
541,00,1262.82,3124.92
541,01,657.33,2813.88
542,00,1244.16,3110.40
542,01,634.52,2803.51
542,02,107.83,2813.88
542,10,1273.54,2054.59
542,11,775.53,2144.10
543,00,1291.85,3108.33
543,01,686.00,2800.00
543,11,825.00,2142.00
544,00,2846.64,3092.98
544,01,2118.53,2697.41
544,10,2797.29,2083.97
545,00,1818.55,1658.88
545,01,1224.25,1353.65
545,11,1331.75,597.20
546,00,2950.73,1242.09
546,01,2291.33,982.89
546,02,1812.33,1020.21
546,11,2567.95,189.11
546,12,1883.66,316.02
547,00,2494.54,3079.30
547,01,1833.41,2697.41
547,02,1360.28,2664.58
547,10,2442.70,2036.28
548,00,1830.99,1650.59
548,01,1237.94,1345.77
549,00,2673.05,1727.09
549,01,2024.50,1448.20
550,00,1835.14,1646.44
550,01,1242.09,1341.62
550,02,773.45,1302.22
550,12,681.80,435.46
551,00,1244.16,3354.26
551,01,639.50,3033.26
552,00,2274.74,3603.92
552,01,1626.05,3179.52
552,02,1147.39,3144.96
553,00,2680.22,1633.93
553,01,2031.66,1358.03
553,10,2917.31,498.66
553,11,2235.91,648.56
554,00,2411.18,915.70
554,01,584.76,599.69
555,00,2314.14,1633.33
555,01,1702.43,1345.77
555,02,1250.38,1335.40
555,10,2493.89,462.23
555,11,1866.24,604.66
555,12,1209.32,569.83
556,00,2696.34,1627.36
556,01,2045.40,1353.65
557,00,2405.38,3377.89
557,01,1746.00,2971.00
557,02,1269.00,2935.00
558,00,2896.82,2965.25
558,01,2166.91,2583.36
559,00,2030.05,1291.85
559,01,1434.93,976.67
559,02,978.74,945.56
560,00,2863.56,1015.23
560,01,2221.57,748.89
560,02,1752.77,788.30
561,00,2405.38,3392.41
561,01,1745.28,2983.68
561,02,1268.64,2947.68
561,10,2324.16,2303.42
562,00,2409.52,3394.48
562,01,1748.74,2984.26
563,00,2892.67,2942.44
563,01,2163.46,2560.90
563,02,1676.16,2524.32
564,00,2504.91,1741.82
564,01,1876.61,1460.16
565,00,1062.51,3409.00
565,01,458.27,3097.96
565,10,1113.52,2280.96
566,00,2640.80,1307.86
566,01,2012.55,1030.16
566,02,1553.47,1047.17
566,11,2243.07,240.07
566,12,1592.53,292.38
567,00,1831.68,1751.04
567,01,1242.09,1449.45
567,10,1919.81,596.16
568,00,1827.42,1752.77
568,01,1233.21,1451.19
568,02,763.22,1411.77
568,10,1913.42,598.39
568,11,1340.11,713.05
569,00,2272.67,3612.21
569,01,1624.32,3186.72
569,02,1144.80,3153.60
569,10,2182.46,2472.77
569,12,887.04,2449.44
570,00,2788.99,984.96
570,01,2158.62,713.32
570,02,1694.13,746.50
571,00,2782.77,984.96
571,01,2152.40,711.66
571,02,1689.57,746.50
572,00,2641.77,2730.93
572,01,1952.64,2382.91
572,02,1482.62,2358.72
573,00,2774.48,976.67
573,01,2143.94,704.69
573,02,1678.12,740.52
574,00,2592.00,2820.10
574,01,1907.71,2461.36
574,02,1439.08,2436.48
575,00,1206.84,968.37
575,01,559.87,572.31
576,00,1839.28,1642.29
576,01,1246.23,1337.47
576,11,1353.65,579.78
577,00,2484.17,2764.11
577,01,1816.13,2414.02
577,02,1353.02,2391.55
577,10,2496.61,1768.78
577,12,1185.41,1752.19
578,00,2513.20,3591.48
578,01,1835.14,3150.14
578,10,2398.46,2462.40
579,00,1882.83,1768.78
579,01,1291.85,1470.18
579,02,823.22,1437.01
579,11,1400.92,739.03
580,00,2606.52,2745.45
580,01,1922.23,2395.01
580,02,1453.59,2372.20
581,00,2654.21,2737.15
581,01,1963.01,2386.37
581,10,2676.67,1755.65
582,00,2448.51,3603.09
582,01,1775.00,3164.31
582,10,2336.95,2469.66
582,11,1838.59,2479.68
583,00,2697.75,2728.86
583,01,1998.95,2378.42
583,02,1530.32,2353.95
583,12,1373.55,1739.34
584,00,2492.47,3605.99
584,01,1817.86,3163.97
584,10,2343.00,2283.00
585,00,2826.73,1405.90
585,01,2177.28,1137.16
585,02,1706.99,1164.53
586,00,2755.81,564.02
586,01,2144.10,279.94
586,02,1685.84,323.48
587,00,2724.71,912.38
587,01,2106.78,634.52
587,02,1646.44,663.55
588,00,2482.10,3632.95
588,01,1752.19,3176.76
589,00,2436.48,879.21
589,01,1835.14,578.53
590,00,2395.01,3612.21
590,01,1733.18,3176.06
590,11,1798.85,2488.32
591,00,2744.12,868.92
591,01,2125.03,589.73
591,02,1662.20,619.59
592,00,2406.21,1858.78
592,01,1785.37,1571.79
592,02,1329.18,1563.49
592,10,2561.97,758.44
592,11,1943.38,878.38
593,00,2365.98,1855.87
593,01,1748.05,1567.64
594,00,2341.01,3660.82
594,01,1683.07,3222.72
595,00,2291.33,3637.09
595,01,1640.22,3205.79
595,11,1712.45,2512.51
596,00,2352.96,3642.90
596,01,1692.06,3204.96
596,02,1213.06,3167.42
596,10,2249.44,2495.79
596,11,1760.49,2511.13
596,12,952.13,2474.50
597,00,2500.76,3640.41
597,01,1824.77,3193.34
597,02,1341.62,3147.73
597,11,1881.79,2505.60
598,00,1794.08,1816.47
598,01,1203.35,1516.88
598,02,728.58,1478.06
598,10,1872.21,680.80
598,11,1304.28,791.88
598,12,612.72,637.81
599,00,2482.10,3645.39
599,01,1807.49,3198.53
600,00,2408.69,3642.90
600,01,1741.82,3201.64
600,11,1805.76,2510.78
601,00,2739.64,3005.89
601,01,2030.47,2625.18
602,00,2679.09,1739.75
602,01,2027.52,1461.60
602,02,1563.49,1470.18
602,12,1535.29,786.31
603,00,2894.75,2946.59
603,01,2165.18,2566.08
604,00,2488.32,2755.81
604,01,1820.62,2407.45
604,02,1356.13,2384.64
605,00,2806.83,1296.42
605,01,2160.69,1028.51
605,02,1692.06,1055.05
606,00,2198.02,3299.10
606,01,1565.57,2911.68
607,00,2618.96,2844.98
607,01,1928.16,2484.00
607,02,1458.72,2458.08
608,00,2275.32,3595.13
608,01,1627.78,3170.53
608,02,1148.77,3137.36
608,11,1705.54,2481.41
609,00,2798.47,1315.03
609,01,2152.90,1048.08
610,00,2589.93,3605.99
610,01,1900.80,3157.06
610,10,2464.13,2474.50
611,00,1913.42,1780.84
611,01,1322.19,1483.44
611,02,856.98,1451.19
611,12,756.05,630.64
612,00,2780.70,2710.20
612,01,2070.14,2360.45
613,00,1240.01,3435.96
613,01,634.52,3110.40
613,02,105.75,3131.14
613,10,1276.99,2331.07
614,00,2668.72,1273.19
614,01,2036.28,995.33
615,00,2384.64,1862.09
615,01,1761.73,1577.60
615,02,1304.88,1567.64
615,10,2533.11,763.91
615,11,1917.00,883.85
615,12,1236.20,851.01
616,00,2853.27,2770.33
616,01,2132.35,2412.29
617,00,2422.66,1691.71
617,01,1804.03,1408.32
617,10,2608.59,543.28
618,00,1273.19,3249.33
618,01,666.87,2931.24
618,02,141.83,2943.68
619,00,2393.76,3613.04
619,01,1731.46,3176.76
619,02,1252.45,3137.36
619,10,2289.25,2477.95
620,00,2520.67,3603.09
620,01,1839.28,3160.17
621,00,2592.83,2819.27
621,01,1907.71,2461.36
621,10,2597.81,1828.92
622,00,2483.34,3637.92
622,01,1808.18,3191.27
623,00,2398.74,3632.95
623,01,1733.53,3193.34
623,11,1797.12,2502.14
624,00,2294.23,3632.95
624,01,1642.29,3201.64
625,00,2401.23,3627.97
625,01,1737.68,3191.27
625,02,1256.60,3149.80
625,12,997.40,2461.36
626,00,2294.23,3625.48
626,01,1642.29,3195.00
626,02,1161.55,3159.17
626,10,2200.09,2484.17
626,12,904.75,2460.45
627,00,2600.29,3622.99
627,01,1909.79,3170.53
627,10,2471.73,2488.32
628,00,2570.44,3615.53
628,01,1884.90,3166.39
629,00,2724.71,1025.19
629,01,2096.16,748.89
630,00,2600.79,2720.23
630,01,1918.50,2371.37
630,02,1450.69,2348.97
630,10,2624.68,1731.87
631,00,2595.32,2717.25
631,01,1913.93,2370.13
631,02,1447.37,2345.24
631,10,2615.72,1731.87
631,11,2032.96,1776.66
632,00,2448.51,3603.09
632,01,1779.15,3164.31
633,00,2281.29,3604.08
633,01,1627.36,3180.07
633,02,1148.77,3145.65
633,11,1702.43,2488.32
633,12,891.65,2444.77
634,00,2774.48,2869.03
634,01,2060.33,2500.76
634,02,1582.57,2468.41
634,12,1410.88,1861.26
635,00,716.64,3574.22
635,01,104.51,3282.09
635,10,798.75,2416.16
636,00,2899.39,2911.34
636,01,2167.82,2533.31
636,02,1680.51,2501.06
636,11,2275.32,1942.08
636,12,1504.94,1906.25
637,00,2859.08,995.33
637,01,2221.57,727.39
637,02,1752.18,766.80
638,00,1232.61,3439.85
638,01,627.06,3113.79
638,11,784.72,2422.23
639,00,1239.18,3438.86
639,01,634.52,3112.89
639,02,107.00,3135.28
640,00,2784.43,982.89
640,01,2152.40,711.66
641,00,2888.94,2931.24
641,01,2158.62,2550.53
642,00,2774.48,955.52
642,01,2142.44,684.29
643,00,2421.14,3391.58
643,01,1759.10,2982.53
643,02,1282.18,2946.24
643,10,2339.02,2301.70
643,12,1045.44,2279.23
644,00,2664.99,1313.83
644,01,2032.96,1037.63
644,11,2266.36,244.85
645,00,2408.69,3356.74
645,01,1745.97,2948.66
646,00,2829.22,1425.81
646,01,2177.28,1159.56
646,02,1706.99,1184.44
647,00,1254.11,3202.47
647,01,646.96,2888.94
647,02,121.93,2901.38
648,00,1276.51,3170.12
648,01,669.36,2859.08
649,00,1828.92,1647.27
649,01,1236.70,1343.69
649,10,1925.96,462.83
650,00,1242.17,3111.40
650,01,637.01,2801.85
651,00,1244.16,3092.98
651,01,634.52,2786.92
651,10,1271.12,2040.42
652,00,2502.26,3081.54
652,01,1838.87,2699.83
652,02,1363.60,2667.48
652,12,1157.07,2032.96
653,00,2675.44,1725.90
653,01,2023.83,1449.45
653,02,1561.42,1457.74
653,10,2890.43,609.14
653,11,2219.58,748.98
654,00,1878.18,1773.67
654,01,1286.46,1475.57
654,02,818.16,1439.24
654,11,1394.45,743.51
655,00,2741.13,3015.84
655,01,2027.98,2632.64
655,10,2707.29,2015.54
655,11,2127.51,2032.13
656,00,2747.11,2881.48
656,01,2035.45,2513.20
656,02,1559.35,2482.10
656,10,2744.62,1898.59
656,12,1385.17,1870.39
657,00,1236.70,1002.79
657,01,594.21,612.13
658,00,1092.87,2012.55
658,01,450.88,1705.00
658,11,494.48,992.54
659,00,2457.47,3448.81
659,01,1791.59,3028.29
659,10,2365.98,2349.39
659,11,1857.95,2363.90
660,00,2607.76,1968.26
660,01,1960.80,1679.62
660,10,2756.06,901.77
660,11,2122.54,1012.75
661,00,1251.63,3421.44
661,01,646.96,3095.47
662,00,2406.21,3413.98
662,01,1745.97,3000.50
662,10,2322.43,2320.36
662,11,1817.86,2337.98
663,00,1833.39,1752.77
663,01,1242.17,1451.19
663,02,773.37,1412.37
663,10,1920.59,598.39
663,12,666.47,569.73
664,00,2667.48,1291.44
664,01,2035.45,1012.75
665,00,2363.90,1853.80
665,01,1746.80,1567.64
665,02,1291.44,1557.69
665,10,2514.20,752.47
665,12,1221.27,836.08
666,00,2806.83,1306.37
666,01,2159.86,1037.63
667,00,2493.30,2754.57
667,01,1824.44,2406.70
667,02,1361.11,2383.81
667,10,2508.23,1761.73
667,11,1940.89,1806.52
668,00,1249.14,3227.35
668,01,641.39,2913.13
668,02,118.25,2923.88
669,00,2714.76,736.54
669,01,2102.63,450.39
670,00,2386.30,1796.57
670,01,1769.20,1510.41
670,02,1313.83,1502.95
671,00,2650.06,2806.83
671,01,1953.33,2448.51
671,02,1485.53,2423.62
672,00,2397.15,1863.25
672,01,1776.66,1576.60
672,02,1322.79,1570.63
672,11,1931.93,883.85
673,00,2426.11,3421.44
673,01,1762.56,3006.72
673,02,1283.56,2967.32
673,10,2339.02,2326.58
674,00,2428.60,1789.10
674,01,1806.52,1505.43
674,10,2597.81,674.83
674,11,1970.75,801.24
675,00,2602.78,2704.80
675,01,1920.98,2358.93
675,02,1453.18,2336.53
675,12,1293.93,1709.48
676,00,2896.41,2956.12
676,01,2164.84,2570.44
676,02,1677.13,2535.60
676,12,1492.99,1943.38
677,00,1736.85,1739.34
677,01,1143.63,1436.26
677,11,1239.18,695.73
678,00,1866.24,1649.76
678,01,1274.02,1346.18
678,02,806.22,1308.86
678,10,1970.75,465.81
678,11,1385.50,591.22
678,12,719.62,453.87
679,00,2503.25,2752.08
679,01,1831.40,2403.72
679,02,1366.09,2381.32
679,10,2518.18,1759.24
680,00,1895.50,1784.42
680,01,1304.88,1487.02
680,02,838.56,1455.67
680,11,1418.34,761.43
680,12,739.03,634.52
681,00,2383.81,1624.87
681,01,1769.20,1341.20
681,02,1313.83,1336.23
681,11,1940.89,603.17
681,12,1280.99,585.25
682,00,1716.94,1806.52
682,01,1122.23,1500.46
682,10,1780.84,662.89
683,00,1250.53,3260.70
683,01,641.39,2945.38
683,02,118.25,2959.71
683,10,1283.97,2188.73
684,00,2388.79,1806.52
684,01,1770.85,1522.02
685,00,1785.62,1812.49
685,01,1194.39,1513.89
685,02,719.62,1475.08
685,10,1859.67,677.22
685,11,1293.53,788.30
685,12,601.97,634.22
686,00,2557.99,3645.39
686,01,1872.46,3193.34
686,10,2432.33,2504.91
687,00,1776.66,1812.49
687,01,1185.44,1510.91
687,02,710.66,1472.09
687,10,1848.92,673.64
688,00,2381.32,1863.75
688,01,1761.73,1577.60
688,10,2532.12,764.41
689,00,2388.79,1853.80
689,01,1770.69,1567.64
689,02,1313.83,1560.18
689,11,1925.96,871.91
689,12,1248.14,842.05
690,00,1281.49,3262.19
690,01,675.99,2944.51
691,00,2323.10,1630.35
691,01,1712.76,1343.69
691,02,1260.75,1335.40
691,10,2504.64,458.65
691,12,1219.28,572.31
692,00,1881.17,1716.94
692,01,1849.20,1347.60
692,02,1393.20,1345.20
692,11,2028.96,613.44
692,12,1366.56,610.56
693,00,2579.89,3633.94
693,01,1891.12,3182.56
693,02,1405.90,3132.80
693,10,2451.00,2495.79
693,12,1144.63,2463.44
694,00,2806.83,970.45
694,01,2171.41,698.72
694,02,1705.59,738.14
695,00,2859.38,992.54
695,01,2221.57,727.39
696,00,2809.81,1534.80
696,01,2149.91,1257.10
697,00,758.44,3651.86
697,01,152.29,3353.26
697,10,843.54,2475.88
698,00,2579.89,3616.03
698,01,1891.12,3167.63
698,02,1405.90,3120.77
699,00,2680.22,1633.93
699,01,2033.46,1358.62
700,00,1242.17,3093.48
700,01,630.64,2787.72
700,02,104.51,2794.88
700,11,773.97,2131.99
701,00,2818.77,1400.43
701,01,2164.84,1131.69
701,02,1694.55,1152.09
702,00,2827.73,1406.40
702,01,2173.80,1137.66
703,00,2830.71,1424.31
703,01,2176.78,1158.56
703,02,1705.00,1185.44
703,12,1731.87,482.73
704,00,2819.96,1433.27
704,01,2164.84,1167.52
704,02,1693.05,1191.41
705,00,1254.11,3200.98
705,01,647.96,2887.45
705,02,122.43,2899.39
706,00,2624.68,2723.22
706,01,1940.89,2373.86
706,02,1472.69,2350.57
706,10,2648.57,1740.83
706,11,2060.33,1779.65
706,12,1315.03,1727.09
707,00,734.55,3805.34
707,01,131.38,3499.57
708,00,2651.55,2732.18
708,01,1958.31,2381.32
708,02,1490.50,2356.44
709,00,2284.28,3639.92
709,01,1634.83,3207.45
710,00,1734.26,1745.01
710,01,1143.04,1436.86
710,02,662.89,1393.86
710,12,548.23,526.73
711,00,2379.23,1863.25
711,01,1758.74,1576.60
711,02,1304.88,1567.64
711,10,2529.73,763.22
712,00,2372.07,1863.25
712,01,1752.77,1576.60
712,02,1297.11,1565.85
712,10,2518.98,763.22
712,12,1225.45,845.63
713,00,1448.20,1098.84
713,01,830.10,734.55
713,02,337.42,644.97
714,00,1209.32,1860.27
714,01,580.61,1544.83
714,10,1189.62,716.64
714,11,626.23,812.85
715,00,2824.74,1388.48
715,01,2173.80,1116.76
715,02,1705.00,1140.65
716,00,2845.64,3093.48
716,01,2117.15,2695.68
717,00,1803.53,806.22
717,01,1203.95,444.31
717,02,745.30,383.40
718,00,2375.65,1616.02
718,01,1764.72,1334.74
719,00,2619.31,2708.89
719,01,1934.92,2361.32
719,02,1465.52,2339.82
719,10,2644.39,1727.09
719,11,2056.75,1770.09
719,12,1307.86,1716.34
720,00,2389.98,1852.51
720,01,1770.69,1567.64
721,00,2765.02,2878.49
721,01,2050.79,2511.13
721,02,1573.86,2480.03
721,11,2164.84,1918.08
721,12,1401.75,1870.39
722,00,2382.82,1623.18
722,01,1770.09,1340.11
722,02,1315.03,1332.94
722,10,2576.31,455.06
722,11,1938.50,601.97
722,12,1282.78,584.06
723,00,2314.14,1633.33
723,01,1705.00,1346.68
723,02,1248.14,1337.72
723,11,1866.84,605.56
723,12,1207.53,573.31
724,00,1215.30,1851.31
724,01,587.64,1537.19
724,11,630.64,802.63
725,00,2609.75,2711.27
725,01,1923.47,2363.90
725,02,1458.16,2341.51
726,00,2630.65,3335.34
726,01,2180.16,2927.52
726,02,1683.36,2872.80
726,12,1443.60,2260.80
727,00,1836.38,1645.28
727,01,1245.16,1340.71
727,02,766.80,1300.70
728,00,2609.75,2747.11
728,01,1923.47,2396.25
729,00,2806.83,1298.90
729,01,2161.85,1030.16
730,00,1823.84,1752.18
730,01,1232.61,1451.19
731,00,2756.06,567.34
731,01,2142.44,281.18
732,00,2013.75,1293.53
732,01,1418.94,981.79
733,00,1755.76,1830.41
733,01,1164.53,1531.81
734,00,1709.18,1831.01
734,01,1114.37,1526.44
735,00,2862.96,3346.69
735,01,2134.98,2917.31
735,02,1639.31,2863.56
736,00,2619.31,2837.88
736,01,1928.45,2478.37
736,02,1458.16,2453.48
736,12,1286.46,1828.92
737,00,1263.07,3398.05
737,01,656.92,3072.58
737,11,793.00,2178.00
738,00,2554.81,2966.87
738,01,1871.22,2592.83
739,00,1100.04,3411.19
739,01,494.48,3095.87
739,10,1150.20,2282.49
739,11,652.14,2389.98
740,00,1104.81,3409.99
740,01,495.67,3096.47
740,10,1152.59,2284.28
741,00,2483.15,2759.05
741,01,1815.48,2412.68
741,02,1351.16,2388.79
741,10,2499.27,1767.70
741,11,1930.94,1811.50
742,00,2890.43,2932.24
742,01,2159.86,2550.53
742,11,2264.37,1955.82
743,00,2716.05,734.55
743,01,2105.12,450.88
744,00,1257.10,3186.05
744,01,648.00,2875.39
744,02,122.69,2885.76
745,00,1794.58,1815.48
745,01,1203.35,1516.88
745,10,1870.42,680.80
746,00,705.89,3565.27
746,01,94.56,3277.12
747,00,2451.49,3592.14
747,01,1781.64,3155.19
748,00,1743.82,1734.86
748,01,1152.59,1430.29
748,02,674.83,1388.48
748,10,1816.67,573.31
748,12,558.98,523.14
749,00,1979.71,1812.49
749,01,1385.50,1513.89
749,11,1504.94,791.88
750,00,1823.84,795.47
750,01,1225.45,433.57
750,02,766.80,372.65
751,00,1973.74,1740.83
751,01,1379.53,1440.44
751,02,916.70,1412.37
751,10,2085.41,587.64
751,12,827.72,598.39
752,00,2320.11,3598.11
752,01,1664.69,3170.12
752,02,1185.44,3135.28
752,12,928.64,2439.55
753,00,1215.13,3182.98
753,01,606.00,2875.20
753,02,74.40,2888.40
753,10,1251.07,2121.98
754,00,2585.86,3604.08
754,01,1893.61,3157.68
754,10,2458.46,2473.39
755,00,2400.73,1624.38
755,01,1785.62,1337.72
755,02,1328.76,1334.74
756,00,2424.62,3619.01
756,01,1756.75,3180.07
756,10,2316.63,2480.86
757,00,2747.11,1024.19
757,01,2117.66,752.47
758,00,2535.10,3645.89
758,01,1851.31,3195.00
759,00,2517.19,3642.90
759,01,1836.38,3192.02
760,00,2481.35,3642.90
760,01,1804.03,3195.00
760,02,1321.30,3150.21
760,11,1862.09,2506.98
760,12,1060.02,2468.41
761,00,2588.85,2812.80
761,01,1906.56,2456.64
761,02,1438.56,2430.72
761,12,1270.08,1802.88
762,00,2287.26,3627.97
762,01,1634.83,3199.98
762,10,2192.21,2485.83
763,00,2502.26,3639.92
763,01,1823.94,3192.52
763,02,1340.71,3147.23
763,11,1880.76,2504.91
764,00,1872.21,1782.63
764,01,1280.99,1484.03
765,00,2732.18,3177.09
765,01,2024.50,2773.98
765,02,1540.77,2729.19
765,12,1328.76,2114.08
766,00,2314.14,3636.93
766,01,1659.71,3204.96
767,00,1758.74,1821.45
767,01,1167.02,1522.85
767,10,1827.42,687.97
767,11,1263.07,797.26
768,00,1791.59,1842.35
768,01,1200.37,1540.77
768,02,727.39,1504.94
768,10,1866.84,713.05
768,11,1300.70,820.55
768,12,605.56,670.05
769,00,2669.47,1304.28
769,01,2033.46,1039.12
769,11,2264.57,247.24
770,00,2662.30,1246.95
770,01,2035.25,967.46
770,11,2271.74,171.99
771,00,2665.89,1286.36
771,01,2035.25,1010.46
771,02,1573.02,1028.37
771,11,2268.15,214.99
772,00,2823.55,1386.69
772,01,2171.41,1114.37
773,00,2816.38,1397.44
773,01,2164.24,1128.70
774,00,2827.13,1408.19
774,01,2174.99,1135.87
774,02,1705.59,1160.95
775,00,2827.13,1426.11
775,01,2174.99,1157.37
775,02,1705.59,1182.45
775,12,1731.87,480.74
776,00,2662.30,1719.93
776,01,2015.54,1442.23
776,02,1551.52,1451.19
776,10,2880.88,601.97
776,12,1526.44,759.63
777,00,1970.75,1737.84
777,01,1379.53,1440.44
778,00,1888.34,1770.09
778,01,1293.53,1469.10
779,00,1874.00,1780.84
779,01,1282.78,1483.44
780,00,1974.33,1809.51
780,01,1383.11,1512.10
780,02,924.46,1483.44
781,00,756.05,3651.26
781,01,150.49,3353.86
782,00,1089.29,2010.17
782,01,451.48,1702.01
783,00,2784.13,981.79
783,01,2153.49,709.47
783,02,1691.26,745.30
784,00,2773.38,978.21
784,01,2142.74,705.89
785,00,2576.31,2794.88
785,01,1896.10,2442.54
785,02,1427.33,2415.74
785,12,1259.71,1786.75
786,00,2587.06,2805.63
786,01,1902.07,2448.51
786,02,1433.27,2424.62
787,00,2572.72,3633.35
787,01,1884.16,3180.07
788,00,2805.63,945.96
788,01,2174.99,677.22
788,02,1709.18,713.05
789,00,2726.80,913.71
789,01,2111.09,636.01
789,02,1648.26,662.89
790,00,1239.78,3095.87
790,01,630.64,2787.72
790,10,1272.03,2042.41
791,00,1297.11,3095.87
791,01,687.97,2787.72
791,02,168.41,2791.30
791,10,1322.79,2045.40
792,00,1243.36,3106.62
792,01,634.22,2798.47
793,00,1254.11,3153.20
793,01,648.56,2841.46
793,02,121.83,2852.21
793,10,1286.36,2092.58
794,00,1060.62,3407.61
794,01,455.06,3095.87
795,00,2762.63,544.64
795,01,2149.91,256.79
796,00,713.05,3576.02
796,01,104.51,3284.58
797,00,1254.11,3400.44
797,01,648.56,3077.95
797,10,1283.97,2299.21
798,00,1232.61,3400.44
798,01,627.06,3074.37
799,00,2300.40,1694.84
799,01,1693.05,1406.40
799,02,1239.18,1397.44
799,11,1848.92,677.22
799,12,1186.03,641.39
800,00,2898.79,3357.44
800,01,2167.82,2923.28
800,02,1672.15,2869.03
801,00,1741.43,1730.68
801,01,1146.62,1426.11
801,02,670.05,1383.11
802,00,2640.80,1268.45
802,01,2013.75,992.54
802,11,2246.66,189.91
803,00,2024.50,1293.53
803,01,1429.69,981.79
803,02,971.04,949.54
804,00,1261.28,3249.95
804,01,652.14,2934.63
804,02,128.99,2945.38
805,00,1254.11,3185.45
805,01,649.04,2874.01
805,02,121.93,2886.45
806,00,2730.38,3178.28
806,01,2024.50,2773.98
807,00,1960.00,1827.42
807,01,1368.78,1533.60
807,02,906.54,1504.94
807,10,2060.33,705.89
807,11,1483.44,816.97
807,12,806.22,705.89
808,00,2741.13,917.29
808,01,2114.08,637.81
809,00,2569.14,2963.29
809,01,1877.59,2590.64
809,02,1408.19,2561.98
809,12,1221.86,1927.75
810,00,2891.63,2923.88
810,01,2161.85,2547.04
811,00,2898.79,2913.13
811,01,2167.82,2535.10
811,02,1681.11,2499.27
811,12,1504.94,1905.06
812,00,2311.15,1633.93
812,01,1702.01,1347.28
812,02,1250.53,1340.11
813,00,2289.65,3636.93
813,01,1636.32,3206.95
814,00,2400.73,3636.93
814,01,1734.86,3197.99
814,10,2293.24,2496.28
815,00,2350.57,3640.51
815,01,1693.05,3206.95
815,10,2248.45,2496.28
816,00,2647.97,2733.97
816,01,1958.81,2382.82
816,11,2081.23,1788.60
817,00,1229.03,985.38
817,01,580.48,594.81
818,00,1752.18,1737.84
818,01,1160.95,1433.27
818,02,684.39,1390.27
819,00,2604.97,1970.75
819,01,1956.42,1680.51
819,02,1494.19,1676.93
820,00,2450.90,3593.93
820,01,1782.63,3156.19
821,00,2594.22,2819.96
821,01,1908.04,2463.44
822,00,1816.67,1755.76
822,01,1225.45,1454.77
823,00,2361.32,1852.51
823,01,1741.43,1565.85
823,02,1289.95,1558.68
823,11,1899.09,870.71
824,00,1809.51,1766.51
824,01,1218.28,1465.52
824,02,745.30,1429.69
825,00,1275.61,3239.20
825,01,670.05,2920.29
825,02,146.91,2934.63
826,00,2733.97,1046.29
826,01,2103.33,770.38
826,02,1637.51,799.05
827,00,2415.06,1784.42
827,01,1798.76,1501.35
827,02,1347.28,1497.77
828,01,1741.20,3961.20
828,02,1257.60,3891.60
829,01,720.00,2858.40
829,02,201.60,2865.60
830,01,1688.00,3907.00
830,02,1206.14,3843.07
830,11,1764.00,3117.00
830,12,882.72,3067.20
831,01,656.00,2846.00
831,02,129.60,2856.00
832,01,658.00,2815.00
832,02,132.00,2824.80
832,11,798.00,2157.00
833,01,1715.04,3867.84
833,02,1233.00,3806.00
833,11,1784.40,3084.00
834,01,654.00,2914.00
834,02,128.40,2926.80
835,01,2142.72,2805.12
835,02,1651.97,2754.43
835,12,1432.51,2147.90
836,01,2135.00,3867.00
836,02,1631.00,3764.00
837,01,1784.40,3866.40
837,02,1300.80,3798.00
837,11,1848.00,3085.00
838,01,1778.00,3866.00
838,02,1294.00,3798.00
839,01,656.64,2783.52
839,02,129.60,2791.20
839,11,796.32,2126.88
840,01,2091.60,3860.40
840,02,1592.00,3763.00
841,01,2077.00,3860.00
841,02,1579.00,3764.00
842,01,2033.28,2777.76
842,02,1549.20,2734.80
843,01,657.00,2776.00
843,02,130.00,2785.00
843,11,796.00,2121.00
844,01,2181.00,2929.00
844,02,1684.00,2873.00
845,01,658.80,2776.80
845,02,133.20,2784.00
846,01,1788.00,3859.20
846,02,1303.20,3790.80
846,12,979.20,3030.00
847,01,1785.00,3858.00
847,02,1300.00,3790.00
848,01,1782.00,3858.00
848,02,1298.00,3790.00
849,01,1779.00,3858.00
849,02,1294.00,3790.00
850,01,2641.77,2724.71
850,02,2102.40,2668.32
850,12,1869.60,2132.40
851,01,1437.12,980.64
851,02,979.78,950.40
851,12,960.77,53.57
852,01,2110.93,3846.53
852,02,1611.00,3751.00
852,11,2139.26,3079.30
853,01,1833.00,2703.00
853,02,1360.00,2670.00
853,11,1911.00,2071.00
853,12,1152.00,2034.00
854,01,1759.00,2940.00
854,02,1283.00,2905.00
855,01,594.00,2943.00
855,02,63.00,2960.00
856,01,646.56,2892.96
856,02,119.52,2904.48
857,01,585.60,2948.40
857,02,51.60,2965.20
858,01,655.72,3070.79
858,02,132.58,3092.29
859,01,1804.03,3188.16
859,02,1273.00,2915.00
860,01,1744.00,2951.00
860,02,1268.00,2916.00
860,11,1818.00,2295.00
861,01,1937.09,3841.34
861,02,1448.06,3758.40
861,11,1984.32,3070.08
861,12,1118.88,3018.24
862,01,1760.83,2958.34
862,02,1284.00,2923.20
862,11,1831.68,2304.00
862,12,1050.00,2257.20
863,01,1748.00,2961.00
863,02,1272.00,2926.00
863,12,1038.00,2259.00
864,01,1257.00,1339.00
864,02,789.00,1299.00
864,11,1366.80,580.80
864,12,700.80,438.00
865,01,2076.00,3833.00
865,02,1575.00,3739.00
866,01,1914.62,3829.25
866,02,1425.60,3750.00
866,11,1964.16,3058.56
866,12,1099.00,3008.00
867,01,1761.12,2980.80
867,02,1283.04,2944.80
867,11,1832.40,2320.80
867,12,1046.88,2276.64
868,01,1916.40,3826.80
868,02,1427.00,3748.00
868,11,1966.00,3057.00
868,12,1101.00,3006.00
869,01,1839.00,964.00
869,02,1384.00,966.00
870,01,675.00,2984.00
870,02,153.00,2998.00
871,01,1756.80,2985.60
871,02,1278.72,2949.12
871,12,1042.56,2280.96
872,01,1915.00,3824.00
872,02,1426.00,3746.00
873,01,1874.00,2599.00
873,02,1404.00,2569.00
874,01,603.60,3002.40
874,02,72.00,3021.60
875,01,1876.00,2596.00
875,02,1406.00,2566.00
876,01,2183.50,2594.07
876,02,1691.71,2552.26
876,11,2283.03,1994.80
876,12,1506.82,1957.82
877,01,2179.35,2589.93
877,02,1689.98,2550.53
878,01,608.00,2889.00
878,02,77.00,2903.00
879,01,2169.00,2576.00
879,02,1680.00,2539.00
879,11,2268.00,1976.00
880,01,2172.00,680.00
880,02,1708.00,717.00
881,01,2164.32,2564.64
881,02,1677.60,2528.40
882,01,2162.88,2557.44
882,02,1675.20,2521.20
883,01,1700.40,3817.20
883,02,1216.80,3755.52
883,12,898.80,2992.80
884,01,2036.44,970.45
884,02,1571.79,993.25
884,11,2271.74,171.99
884,12,1624.87,228.93
885,01,2156.00,2546.00
885,02,1669.00,2510.00
886,01,2145.60,704.16
886,02,1681.92,737.28
887,01,2153.00,2542.00
887,02,1667.00,2507.00
888,01,2299.97,2878.85
888,02,1792.80,2822.40
889,01,1890.00,3813.60
889,02,1401.12,3738.24
889,11,1944.00,3047.00
889,12,1078.56,2993.76
890,01,2147.90,3808.51
890,02,1644.00,3712.00
890,12,1308.00,2997.00
891,01,2164.32,2537.28
891,02,1677.60,2501.28
892,01,2208.00,2535.00
892,02,1718.40,2499.60
892,11,2319.60,1945.20
893,01,2204.24,2531.87
893,02,1712.79,2496.61
894,01,659.40,3070.59
894,02,134.37,3088.01
895,01,628.00,3070.00
895,02,100.00,3090.00
896,01,2014.56,1391.04
896,02,1551.60,1400.40
897,01,651.00,3070.00
897,02,124.80,3088.80
898,01,663.84,2880.00
898,02,141.12,2890.08
898,11,811.20,2217.60
899,01,622.00,3077.00
899,02,94.00,3097.00
900,01,2013.60,1394.40
900,02,1550.40,1404.00
901,01,665.00,3079.00
901,02,141.00,3097.00
902,01,1904.40,3801.60
902,02,1416.00,3724.80
903,01,2198.40,3800.40
903,02,1691.00,3698.00
903,11,2214.00,3040.80
904,01,1700.64,1409.76
904,02,1246.65,1398.44
904,11,1859.33,680.83
904,12,1194.39,644.97
905,01,2142.72,3800.16
905,02,1640.40,3703.20
905,12,1304.00,2989.00
906,01,2166.00,1163.00
906,02,1695.00,1190.00
907,01,648.00,3117.00
907,02,121.00,3138.00
908,01,2108.40,3799.20
908,02,1608.77,3704.83
908,11,2135.00,3037.00
908,12,1275.26,2987.71
909,01,1955.00,3798.00
909,02,1464.00,3717.00
910,01,632.00,3130.00
910,02,104.00,3152.00
911,01,2202.00,3794.40
911,02,1694.88,3692.16
911,11,2217.00,3036.00
912,01,2100.00,3793.20
912,02,1599.60,3699.60
912,11,2127.00,3033.00
912,12,1267.00,2982.00
913,01,1978.21,3792.61
913,02,1486.08,3710.02
913,11,2020.03,3029.18
914,01,1932.00,2484.00
914,02,1463.00,2457.00
914,11,2048.00,1890.00
915,01,2254.42,2483.34
915,02,1760.49,2448.92
916,01,1779.00,3163.00
916,02,1298.00,3121.00
917,01,1785.00,3163.00
917,02,1304.00,3120.00
917,12,1047.00,2440.00
918,01,1780.80,3778.80
918,02,1296.00,3715.20
919,01,1653.60,3790.80
919,02,1172.40,3738.00
919,12,858.00,2973.00
920,01,2275.00,2481.00
920,02,1779.60,2446.80
920,11,2394.00,1896.00
921,01,609.00,2874.00
921,02,79.20,2887.20
922,01,1817.00,3168.00
922,02,1335.00,3124.00
922,12,1076.00,2447.00
923,01,2206.80,3787.20
923,02,1700.40,3685.20
923,12,1362.00,2979.00
924,01,1660.80,3169.20
924,02,1181.00,3135.00
924,11,1732.00,2482.00
925,01,2250.00,2470.80
925,02,1757.00,2437.00
925,12,1591.00,1853.00
926,01,1985.47,3787.78
926,02,1490.50,3705.11
926,11,2024.64,3024.00
926,12,1165.36,2975.62
927,01,1908.00,3172.00
927,02,1276.00,3140.00
927,12,1017.00,2455.00
928,01,1680.00,3174.00
928,02,1200.00,3137.00
928,12,944.00,2443.00
929,01,2162.77,620.01
929,02,1700.35,657.33
930,01,2061.60,3781.20
930,02,1563.60,3692.40
930,12,1235.00,2972.00
931,01,1625.00,3178.00
931,02,1146.00,3145.00
932,01,1907.00,2457.00
932,02,1439.00,2431.00
933,01,1735.20,3181.20
933,02,1255.68,3140.64
933,11,1940.00,2489.00
934,01,1703.52,3778.56
934,02,1220.40,3721.20
935,01,1735.20,3189.60
935,02,1255.00,3149.00
935,11,1940.40,2494.80
935,12,996.00,2460.00
936,01,1874.00,3192.00
936,02,1390.00,3144.00
936,12,1128.00,2472.00
937,01,2009.32,3776.03
937,02,1517.88,3692.67
937,11,2045.95,3015.36
937,12,1190.25,2967.32
938,01,1806.00,3194.00
938,02,1146.00,3149.00
938,12,889.00,2446.00
939,01,1836.00,3195.36
939,02,1353.02,3148.42
939,11,1892.16,2507.04
939,12,1092.10,2471.04
940,01,2296.80,2449.20
940,02,1800.00,2418.00
940,12,1638.00,1840.00
941,01,1961.28,2448.58
941,02,1489.20,2422.80
941,12,1324.80,1801.20
942,01,1784.16,3199.68
942,02,1301.18,3151.87
942,12,1042.56,2472.48
943,01,1893.20,2442.70
943,02,1426.64,2417.82
943,11,2010.56,1843.85
944,01,1660.61,3205.44
944,02,1180.80,3171.60
944,11,1730.88,2512.80
944,12,921.60,2472.00
945,01,2239.00,2442.00
945,02,1748.05,2413.67
945,12,1584.23,1828.92
946,01,2292.00,1006.00
946,02,1813.00,1043.00
946,12,1880.00,343.00
947,01,1908.00,3767.00
947,02,1419.00,3692.00
948,01,2246.00,2438.00
948,02,1753.00,2407.00
949,01,1758.00,3226.00
949,02,1276.00,3184.00
950,01,1681.92,3224.16
950,02,1202.40,3186.72
951,01,2223.94,3763.58
951,02,1714.18,3663.36
951,11,2236.03,3010.18
951,12,1378.08,2963.52
952,01,1782.00,3763.20
952,02,1298.40,3699.60
953,01,1290.24,1471.68
953,02,823.63,1435.76
953,11,1401.41,739.58
953,12,722.61,606.15
954,01,1699.52,3764.83
954,02,1216.79,3707.60
954,12,903.26,2953.64
955,01,1982.40,3763.20
955,02,1491.60,3681.60
955,11,2023.00,3003.00
955,12,1166.00,2956.00
956,01,1893.00,2431.00
956,02,1425.60,2409.60
956,12,1260.00,1779.60
957,01,2236.03,2424.38
957,02,1745.01,2393.57
957,12,1583.77,1813.09
958,01,2303.42,2417.47
958,02,1805.76,2387.52
958,12,1645.92,1812.96
959,01,2188.00,3757.00
959,02,1683.00,3659.00
959,12,1349.00,2956.00
960,01,1939.00,3754.00
960,02,1448.64,3677.76
960,11,1983.00,2994.00
960,12,1126.80,2947.20
961,01,1702.08,3753.22
961,02,1218.00,3699.00
961,11,1769.76,2985.12
962,01,2125.20,2415.60
962,02,1644.00,2388.00
962,12,1484.00,1790.00
963,01,2133.00,2415.00
963,02,1651.00,2387.00
964,01,2305.15,2412.29
964,02,1806.00,2382.00
964,12,1647.00,1807.00
965,01,2126.00,2412.00
965,02,1645.00,2385.00
965,12,1485.00,1787.00
966,01,2304.00,2409.12
966,02,1806.00,2379.60
966,12,1647.60,1804.80
967,01,2301.12,2406.24
967,02,1802.88,2374.56
967,12,1644.48,1798.56
968,01,2176.00,3750.00
968,02,1670.98,3651.26
968,11,2193.00,2996.00
968,12,1337.76,2949.12
969,01,1938.00,3748.80
969,02,1448.40,3672.00
969,11,1982.00,2990.00
970,01,2205.00,2406.00
970,02,1717.00,2378.00
971,01,1952.64,3746.88
971,02,1461.60,3669.12
971,12,1140.00,2942.40
972,01,1932.48,2404.80
972,02,1463.04,2380.32
972,12,1301.76,1755.36
973,01,2300.00,2404.00
973,02,1802.00,2374.00
973,11,2424.00,1819.00
973,12,1645.00,1799.00
974,01,2623.20,3302.40
974,02,2080.00,3208.00
975,01,1827.00,2404.00
975,02,1361.66,2381.18
975,12,1195.78,1743.55
976,01,1727.00,3745.00
976,02,1243.00,3687.00
976,12,929.00,2937.00
977,01,1920.00,2396.00
977,02,1453.00,2371.00
978,01,1903.00,3743.00
978,02,1415.00,3670.00
979,01,1995.84,2384.64
979,02,1523.52,2361.60
979,11,2119.68,1792.80
979,12,1366.56,1745.28
980,01,2296.00,947.00
980,02,1818.00,987.00
980,11,2577.60,147.60
981,01,2208.96,3741.12
981,02,1702.08,3641.76
982,01,2047.00,3739.00
982,02,1550.00,3654.00
983,01,1961.00,2380.00
983,02,1492.00,2356.00
983,12,1333.00,1736.00
984,01,2234.88,3736.80
984,02,1725.60,3636.00
984,12,1390.80,2938.80
985,01,2227.00,3736.00
985,02,1719.00,3636.00
986,01,2201.00,3736.00
986,02,1695.00,3639.00
987,01,2056.80,3733.20
987,02,1560.00,3648.00
987,12,1235.00,2934.00
988,01,1847.00,1502.00
988,02,1390.00,1498.00
989,01,1704.00,3733.20
989,02,1221.12,3677.76
989,11,1770.00,2967.00
989,12,908.40,2926.80
990,01,1126.00,1503.00
990,02,646.00,1460.00
991,01,2313.79,2369.09
991,02,1814.40,2341.44
992,01,2228.00,3730.00
992,02,1717.92,3631.68
992,12,1383.84,2936.16
993,01,2083.20,2352.00
993,02,1607.04,2328.48
993,12,1457.28,1723.68
994,01,2277.00,2351.00
994,02,1782.72,2324.16
994,12,1632.96,1746.72
995,01,2280.96,2331.07
995,02,1786.80,2306.40
995,12,1637.00,1730.00
996,01,2293.24,942.38
996,02,1692.06,3630.46
996,11,2214.61,2978.52
996,12,1360.28,2932.07
997,01,2534.40,2328.48
997,02,2011.20,2301.60
997,12,1861.20,1758.00
998,01,2117.56,3725.02
998,02,1618.40,3636.93
998,11,2142.03,2973.54
999,01,2097.79,3729.02
999,02,1601.28,3640.32
999,11,2124.00,2976.48
1000,01,2104.70,3726.26
1000,02,1604.97,3639.17
1000,12,1278.72,2930.69
1001,01,2495.52,2292.48
1001,02,1978.56,2268.00
1001,12,1833.12,1719.36
1002,01,2037.60,1034.40
1002,02,1574.40,1053.60
1002,11,2270.88,241.92
1002,12,1615.68,305.28
1003,01,2583.00,2255.00
1003,02,2055.60,2233.20
1003,12,1916.40,1696.80
1004,01,2101.25,3725.57
1004,02,1601.28,3637.44
1005,01,2093.00,3726.00
1005,02,1594.52,3636.93
1005,12,1269.04,2926.27
1006,01,2640.00,2233.20
1006,02,2105.00,2213.00
1007,01,2118.53,3725.57
1007,02,1618.80,3634.80
1007,11,2141.28,2975.04
1007,12,1290.00,2928.00
1008,01,2229.60,3723.60
1008,02,1720.80,3624.48
1008,12,1386.72,2927.52
1009,01,2194.80,3723.60
1009,02,1688.00,3627.00
1009,11,2211.00,2976.00
1010,01,2167.00,3710.00
1010,02,1664.69,3620.51
1010,12,1333.74,2918.80
1011,01,2142.00,3724.80
1011,02,1640.00,3632.00
1012,01,1847.00,1524.00
1012,02,1391.00,1520.00
1013,01,577.00,1527.00
1013,02,43.20,1399.20
1014,01,2564.64,2226.24
1014,02,2038.80,2206.80
1015,01,2227.39,3720.38
1015,02,1719.36,3621.60
1015,11,2240.64,2973.60
1015,12,1386.00,2926.80
1016,01,2216.68,3722.11
1016,02,1708.99,3623.62
1016,11,2230.85,2975.62
1016,12,1376.64,2927.52
1017,01,2561.00,2222.00
1017,02,2036.00,2202.00
1017,11,2700.00,1633.20
1017,12,1902.00,1663.00
1018,01,2017.61,3709.67
1018,02,1524.10,3628.80
1018,11,2052.86,2958.34
1019,01,2137.00,3721.00
1019,02,1635.00,3629.00
1020,01,1704.00,3721.00
1020,02,1221.00,3666.00
1021,01,2211.00,3720.00
1021,02,1704.00,3622.00
1021,12,1372.00,2925.00
1022,01,1706.40,1532.16
1022,02,1252.00,1520.00
1022,11,1857.60,826.56
1022,12,1184.40,784.80
1023,01,2194.56,3722.11
1023,02,1688.26,3625.34
1023,11,2210.40,2973.60
1023,12,1356.48,2926.08
1024,01,1160.64,1532.16
1024,02,684.00,1492.80
1024,11,1256.26,806.98
1024,12,559.20,646.80
1025,01,2123.00,2177.00
1025,02,1646.00,2160.00
1026,01,2142.00,3718.00
1026,02,1641.00,3627.00
1026,12,1312.00,2925.00
1027,01,2118.00,2175.00
1027,02,1641.00,2158.00
1028,01,2208.96,2139.84
1028,02,1724.40,2126.40
1029,01,2828.40,2098.80
1029,02,2272.00,2092.00
1030,01,2672.40,2085.60
1030,02,2134.80,2077.20
1030,11,2832.00,1498.80
1030,12,2024.00,1548.00
1031,01,2111.00,3800.00
1031,02,1611.00,3706.00
1032,01,1957.00,3719.00
1032,02,1465.00,3643.00
1033,01,2137.54,3718.66
1033,02,1636.42,3627.07
1034,01,2174.40,3715.20
1034,02,1670.40,3621.60
1035,01,2035.58,3715.20
1035,02,1539.36,3633.12
1035,12,1216.80,2918.88
1036,01,2769.12,1918.08
1036,02,2221.20,1924.80
1036,12,2142.00,1401.60
1037,01,829.00,3593.00
1037,02,316.00,3616.00
1037,11,977.00,2831.00
1038,01,583.20,1543.20
1038,02,49.00,1483.00
1038,11,629.28,809.28
1039,01,580.32,1546.56
1039,02,47.52,1486.08
1040,01,2146.18,3713.47
1040,02,1642.29,3620.51
1040,12,1313.83,2918.80
1041,01,2077.00,3712.00
1041,02,1579.00,3626.00
1041,11,2107.00,2961.00
1041,12,1254.00,2917.00
1042,01,2033.00,3712.00
1042,02,1538.00,3630.00
1043,01,1985.76,3710.88
1043,02,1492.80,3633.60
1043,11,2024.00,2958.00
1044,01,2182.00,3683.00
1044,02,1678.00,3590.00
1045,01,2185.20,3682.80
1045,02,1681.20,3590.40
1045,11,2205.00,2942.00
1045,12,1354.80,2895.60
1046,01,2219.00,3711.00
1046,02,1710.72,3613.25
1046,12,1378.08,2918.88
1047,01,2728.80,1609.20
1047,02,2194.00,1641.00
1047,12,2182.80,1077.60
1048,01,2050.79,3682.71
1048,02,1555.20,3602.40
1048,11,2082.24,2937.60
1048,12,1234.80,2893.20
1049,01,2035.58,3710.02
1049,02,1539.65,3627.07
1049,11,2067.84,2959.20
1049,12,1216.80,2914.56
1050,01,2099.52,751.68
1050,02,1637.28,780.48
1051,01,2049.12,3687.84
1051,02,1553.76,3605.76
1051,12,1233.60,2896.80
1052,01,1986.00,3709.00
1052,02,1493.00,3631.00
1053,01,1978.56,3709.44
1053,02,1486.08,3631.68
1053,11,2018.88,2956.32
1053,12,1166.40,2912.40
1054,01,2050.80,3687.60
1054,02,1556.00,3606.00
1054,12,1235.00,2897.00
1055,01,1720.80,3905.28
1055,02,1238.40,3841.20
1055,11,1792.80,3085.20
1056,01,1706.57,3688.93
1056,02,1224.00,3636.00
1056,11,1770.85,2927.92
1057,01,2083.97,3708.29
1057,02,1586.30,3621.89
1057,11,2109.60,2959.20
1057,12,1260.00,2914.56
1058,01,2035.58,3692.74
1058,02,1539.65,3609.79
1058,11,2069.28,2944.80
1059,01,1759.68,3693.60
1059,02,1274.40,3636.00
1059,11,1817.28,2933.28
1059,12,964.80,2895.84
1060,01,2048.00,3694.00
1060,02,1551.00,3611.00
1060,11,2079.00,2946.00
1061,01,2108.16,3704.83
1061,02,1607.04,3616.70
1061,11,2132.64,2957.76
1061,12,1282.18,2911.68
1062,01,2026.80,3708.00
1062,02,1530.32,3626.73
1062,12,1209.60,2913.41
1063,01,2007.36,3706.56
1063,02,1513.44,3625.92
1064,01,1757.38,3708.29
1064,02,1274.40,3648.96
1064,12,962.40,2907.60
1065,01,1787.00,1575.00
1065,02,1332.00,1567.00
1066,01,2017.00,3706.00
1066,02,1522.00,3625.00
1066,11,2051.00,2955.00
1067,01,2187.65,3695.16
1067,02,1684.80,3601.44
1067,11,2206.66,2951.42
1067,12,1356.00,2906.40
1068,01,1749.60,1568.16
1068,02,1294.56,1558.08
1068,11,1902.53,870.91
1069,01,2167.20,3705.12
1069,02,1663.20,3612.00
1069,12,1335.00,2914.00
1070,01,2022.00,3705.60
1070,02,1525.82,3623.62
1070,11,2056.80,2955.60
1071,01,2026.80,2775.60
1071,02,1545.00,2733.00
1072,01,2071.53,3703.45
1072,02,1573.92,3618.72
1072,11,2099.52,2953.15
1072,12,1250.40,2910.00
1073,01,1844.00,1559.00
1073,02,1388.00,1555.00
1074,01,2097.00,3701.00
1074,02,1597.00,3614.00
1075,01,2066.00,3700.00
1075,02,1570.00,3616.00
1076,01,1417.00,971.00
1076,02,959.00,939.00
1077,01,2900.00,302.00
1077,02,2640.00,455.00
1078,01,2197.00,3705.00
1078,02,1692.00,3611.00
1078,12,1362.00,2915.00
1079,01,2142.00,2711.00
1079,02,1653.00,2667.00
1080,01,666.00,2871.00
1080,02,143.00,2881.00
1081,01,1946.40,3816.00
1081,02,1455.60,3734.40
1081,11,1993.00,3049.00
1082,01,2239.20,2541.60
1082,02,1746.00,2504.40
1083,01,1996.00,2500.00
1083,02,1523.00,2471.00
1083,11,2107.20,1904.40
1084,01,2252.16,2482.56
1084,02,1759.20,2449.20
1085,01,2060.40,3776.40
1085,02,1564.00,3687.00
1085,11,2092.80,3015.60
1085,12,1235.00,2967.00
1086,01,2238.00,2446.00
1086,02,1746.00,2415.00
1087,01,2300.00,2431.00
1087,02,1803.00,2400.00
1088,01,2221.00,3761.00
1088,02,1712.00,3660.00
1088,12,1375.00,2959.00
1089,01,1890.00,2424.00
1089,02,1422.00,2400.00
1090,01,2171.06,3751.14
1090,02,1669.17,3654.85
1090,12,1333.74,2951.15
1091,01,2197.68,2403.72
1091,02,1711.96,2373.86
1091,12,1555.20,1786.61
1092,01,2586.00,2250.00
1092,02,2057.00,2228.00
1093,01,1663.00,3805.00
1093,02,1181.00,3750.00
1094,01,672.00,3157.00
1094,02,147.60,3177.60
1095,01,2621.03,1826.84
1095,02,2094.34,1838.59
1096,01,2754.00,2172.00
1096,02,2208.00,2156.40
1096,11,2907.36,1595.52
1096,12,2080.80,1639.20
1097,01,1728.00,3688.80
1097,02,1245.00,3634.00
1097,12,936.00,2892.00
1098,01,2034.00,1036.80
1098,02,1572.00,1054.80
1099,01,1643.33,3201.98
1099,02,1162.94,3167.42
1100,01,2178.72,1136.16
1100,02,1707.84,1160.64
1101,01,1690.56,3869.28
1101,02,1209.60,3808.80
1101,11,1765.20,3085.20
1101,12,886.80,3037.20
1102,01,1241.00,1343.00
1102,02,771.60,1302.00
1102,11,2184.00,3358.80
1102,12,679.68,437.76
1103,01,2013.60,1444.80
1103,02,1550.40,1452.00
1104,01,1203.60,1514.40
1104,02,730.08,1476.00
1104,12,611.71,635.90
1105,01,2731.20,1696.80
1105,02,2193.60,1720.80
1106,01,2710.80,2204.40
1106,02,2167.00,2187.00
1107,01,2009.32,3850.68
1107,02,1515.80,3761.51
1108,01,2647.20,2230.80
1108,02,2112.00,2211.00
1108,11,2906.50,1594.94
1109,01,1978.80,3847.20
1109,02,1487.02,3759.35
1109,12,1154.58,3020.82
1110,01,1801.54,3190.03
1110,02,1320.88,3143.58
1110,11,1862.09,2500.76
1110,12,1061.68,2461.36
1111,01,1924.80,2395.20
1111,02,1456.80,2371.20
1112,01,1921.20,3835.20
1112,02,1432.51,3754.94
1112,11,1970.00,3063.00
1112,12,1104.48,3012.48
1113,01,2108.16,772.42
1113,02,1645.06,801.79
1114,01,1952.64,2448.00
1114,02,1483.20,2423.52
1115,01,1912.90,3824.06
1115,02,1423.87,3744.58
1115,11,1962.00,3054.00
1115,12,1098.72,3003.84
1116,01,1970.40,2486.40
1116,02,1498.80,2457.60
1117,01,2161.20,2552.40
1117,02,1674.00,2516.40
1118,01,1846.80,1350.00
1118,02,1390.00,1350.00
1118,12,1363.20,614.40
1119,01,2037.60,2664.00
1119,02,1557.60,2625.60
1120,01,2645.57,2730.24
1120,02,2103.84,2671.20
1120,11,2688.77,2108.16
1120,12,1870.80,2136.00
1121,01,2645.57,2733.70
1121,02,2104.70,2674.94
1122,01,1911.60,3814.80
1122,02,1422.72,3735.36
1122,12,1098.00,2995.20
1123,01,670.80,2854.80
1123,02,146.88,2865.60
1124,01,2080.51,3805.06
1124,02,1582.80,3712.80
1124,12,1250.00,2991.00
1125,01,594.00,2905.20
1125,02,60.48,2922.05
1126,01,2105.28,3798.72
1126,02,1605.60,3704.40
1126,11,2131.20,3037.20
1127,01,2296.51,2920.32
1127,02,1790.21,2861.57
1127,11,2348.35,2286.14
1127,12,1550.88,2265.12
1128,01,1978.56,3794.40
1128,02,1486.80,3711.60
1128,11,2019.60,3030.00
1128,12,1160.00,2980.00
1129,01,633.60,2938.80
1129,02,106.80,2952.00
1130,01,1152.00,1437.60
1130,02,673.92,1392.48
1131,01,1846.80,1342.80
1131,02,1390.80,1341.60
1131,12,1363.68,604.80
1132,01,1698.00,3788.00
1132,02,1215.60,3730.80
1132,11,1768.00,3015.00
1132,12,900.00,2971.20
1133,01,2013.12,3778.56
1133,02,1517.76,3693.60
1134,01,1986.00,3778.80
1134,02,1494.00,3696.00
1135,01,1788.00,3763.20
1135,02,1304.40,3699.60
1136,01,628.80,3070.80
1136,02,99.60,3091.20
1137,01,650.40,3070.80
1137,02,123.84,3090.24
1138,01,1785.60,3768.00
1138,02,1300.80,3702.00
1139,01,1662.34,3167.42
1139,02,1182.00,3134.40
1139,12,926.40,2438.40
1140,01,1755.36,3179.52
1140,02,1274.40,3139.20
1140,11,1819.20,2492.40
1141,01,1759.20,3182.40
1141,02,1278.00,3140.40
1142,01,1720.80,3205.20
1142,02,1240.80,3165.60
1142,12,979.20,2473.20
1143,01,2616.88,3301.17
1143,02,2075.33,3207.17
1143,11,2595.46,2611.01
1143,12,1756.80,2612.16
1144,01,578.40,594.00
1144,02,56.16,472.32
1145,01,1755.60,3747.60
1145,02,1272.00,3687.60
1145,11,1817.00,2982.00
1146,01,622.80,3075.60
1146,02,93.60,3096.00
1147,01,1734.00,3688.80
1147,02,1239.84,3804.48
1147,12,916.80,3036.00
1148,01,2040.42,3687.69
1148,02,1545.25,3608.06
1148,12,1226.74,2903.87
1149,01,2166.00,3702.00
1149,02,1662.00,3609.60
1149,12,1335.00,2911.00
1150,01,1893.60,3739.20
1150,02,1404.00,3667.00
1150,12,1088.00,2935.00
1151,01,2025.22,3708.29
1151,02,1531.01,3627.07
1151,11,2060.64,2957.76
1152,01,2078.78,3708.29
1152,02,1581.60,3624.00
1152,12,1258.00,2916.00
1153,01,2226.00,3735.60
1153,02,1717.92,3634.56
1153,11,2238.00,2986.00
1153,12,1383.84,2936.16
1154,01,1980.00,3714.00
1154,02,1488.00,3636.00
1154,11,2018.00,2960.00
1155,01,2184.00,3714.00
1155,02,1678.00,3619.00
1156,01,2181.60,3717.60
1156,02,1675.20,3622.80
1156,11,2199.00,2969.00
1156,12,1346.00,2924.00
1157,01,2185.92,3718.66
1157,02,1680.48,3623.04
1157,11,2203.20,2970.72
1158,01,2198.40,3730.80
1158,02,1692.00,3633.60
1158,12,1360.00,2935.00
1159,01,2034.00,3721.20
1159,02,1540.00,3638.00
1160,01,2106.43,3722.11
1160,02,1605.60,3633.60
1160,11,2131.20,2970.72
1161,01,2218.75,3728.33
1161,02,1710.72,3628.80
1161,11,2232.58,2980.80
1162,01,2059.20,2504.16
1162,02,1582.56,2472.48
1162,11,2174.40,1912.32
1162,12,1411.20,1861.92
1163,01,1974.00,2484.00
1163,02,1501.20,2456.40
1164,01,2286.72,2479.68
1164,02,1789.52,2444.77
1164,12,1621.56,1864.17
1165,01,2158.80,3720.00
1165,02,1654.00,3627.00
1165,11,2178.00,2970.00
1166,01,1892.40,2434.80
1166,02,1425.60,2409.60
1167,01,1916.40,3836.40
1167,02,1426.80,3756.00
1167,12,1100.40,3013.20
1168,01,2187.65,3713.47
1168,02,1683.36,3618.72
1169,01,604.80,2990.40
1169,02,73.44,3008.16
1170,01,2013.60,3783.60
1170,02,1519.20,3697.20
1171,01,2177.28,3735.94
1171,02,1673.28,3640.32
1171,12,1340.40,2938.80
1172,01,2228.40,3740.40
1172,02,1718.40,3640.80
1172,12,1384.00,2943.00
1173,01,637.20,2804.40
1173,02,109.20,2814.00
1173,11,777.00,2145.00
1174,01,1657.20,3792.00
1174,02,1174.80,3739.20
1174,12,860.00,2975.00
1175,01,643.20,2846.40
1175,02,116.64,2856.96
1175,11,784.80,2186.40
1176,01,2030.40,3697.92
1176,02,1536.19,3616.70
1176,11,2063.52,2949.12
1176,12,1215.36,2904.48
1177,01,645.60,2884.80
1177,02,120.00,2898.00
1178,01,2145.60,3802.80
1178,02,1642.80,3704.40
1179,01,2203.20,3798.72
1179,02,1695.17,3696.19
1179,11,2217.60,3039.60
1179,12,1356.48,2989.44
1180,01,1934.40,3751.20
1180,02,1443.60,3674.40
1181,01,2206.08,3870.72
1181,02,1698.28,3761.51
1181,12,1354.75,3043.01
1182,01,2212.80,2930.40
1182,02,1712.40,2874.00
1183,01,2260.80,2928.96
1183,02,1756.80,2870.40
1183,11,2312.64,2293.92
1184,01,2136.00,3866.40
1184,02,1634.00,3765.00
1185,01,1686.00,2944.80
1185,02,1210.80,2912.40
1186,01,2098.80,3702.00
1186,02,1599.60,3615.60
1187,01,626.40,3120.00
1187,02,98.40,3140.40
1188,01,2192.40,3714.00
1188,02,1686.00,3618.00
1188,12,1356.00,2920.00
1189,01,2040.00,2517.60
1189,02,1564.80,2486.40
1189,12,1392.00,1874.40
1190,01,2004.48,3834.72
1190,02,1510.56,3748.32
1191,01,2168.40,2655.60
1191,02,1678.80,2613.60
1192,01,2622.00,1882.80
1192,02,2095.20,1890.00
1193,01,2013.60,3836.40
1193,02,1519.20,3748.80
1193,11,2053.00,3068.00
1193,12,1187.00,3015.00
1194,01,1917.60,2398.80
1194,02,1450.08,2374.56
1194,12,1288.80,1748.16
1195,01,2050.80,2770.80
1195,02,1565.57,2726.78
1195,12,1353.02,2111.62
1196,01,2090.88,3754.08
1196,02,1592.53,3662.81
1196,12,1262.82,2950.73
1197,01,2020.03,3711.74
1197,02,1524.10,3628.80
1198,01,2085.12,3713.76
1198,02,1586.00,3628.00
1198,12,1261.00,2919.00
1199,01,1686.24,3926.88
1199,02,1204.42,3863.81
1199,11,1764.00,3134.40
1199,12,879.84,3083.04
1200,01,2092.32,3719.52
1200,02,1594.08,3631.68
1200,12,1268.40,2923.20
1201,01,1713.60,3903.84
1201,02,1231.20,3840.48
1201,11,1786.80,3115.20
1202,01,1833.12,2698.56
1202,02,1359.36,2666.88
1203,01,1690.07,3887.75
1203,02,1207.87,3825.79
1203,11,1764.22,3100.45
1203,12,885.60,3051.36
1204,01,2183.04,3700.80
1204,02,1676.16,3605.76
1204,12,1347.84,2908.80
1205,01,1838.88,961.92
1205,02,1383.84,964.80
1206,01,661.82,2937.60
1206,02,136.86,2950.73
1207,01,1416.96,966.24
1207,02,960.48,934.56
1208,01,1756.80,2999.52
1208,02,1278.72,2963.52
1208,11,1827.60,2337.60
1208,12,1039.68,2293.92
1209,01,2188.80,3690.72
1209,02,1683.60,3597.60
1210,01,2129.76,3864.96
1210,02,1627.20,3764.40
1210,12,1288.00,3038.00
1211,01,1775.52,3863.52
1211,02,1292.40,3795.60
1211,12,967.00,3034.00
1212,01,2167.20,2926.08
1212,02,1671.60,2871.60
1212,12,1432.80,2258.40
1213,01,1778.40,3856.32
1213,02,1294.56,3788.64
1213,11,1842.00,3077.00
1214,01,1693.44,3849.12
1214,02,1211.04,3790.08
1215,01,672.48,2908.80
1215,02,150.34,2920.32
1216,01,2110.93,3846.53
1216,02,1612.22,3749.76
1216,12,1274.40,3025.44
1217,01,832.90,737.86
1217,02,340.42,649.73
1218,01,2167.20,1162.08
1218,02,1696.32,1189.44
1219,01,642.24,2900.16
1219,02,116.64,2913.12
1220,01,1745.28,3826.08
1220,02,1262.88,3762.72
1220,11,1812.00,3049.20
1221,01,1837.44,578.88
1221,02,1386.72,584.64
1222,01,1748.16,2954.88
1222,02,1271.52,2920.32
1222,12,1036.80,2253.60
1223,01,1743.84,2980.80
1223,02,1267.20,2944.80
1223,12,1031.04,2276.64
1224,01,654.91,2984.26
1224,02,129.39,3000.91
1224,11,794.27,2385.80
1225,01,1848.96,1346.40
1225,02,1389.31,1343.69
1225,12,1363.60,609.64
1226,01,1998.95,1020.21
1226,02,1538.61,1034.73
1227,01,2115.07,3797.18
1227,02,1615.33,3701.38
1227,11,2139.96,3035.75
1227,12,1280.45,2985.98
1228,01,1954.08,3797.28
1228,02,1462.80,3717.60
1229,01,2108.40,3792.00
1229,02,1607.04,3699.65
1229,11,2135.00,3032.00
1229,12,1275.26,2982.53
1230,01,2082.72,3789.71
1230,02,1583.00,3700.00
1230,11,2110.93,3027.46
1230,12,1253.00,2980.00
1231,01,2100.96,3787.20
1231,02,1602.00,3695.00
1231,12,1269.00,2977.00
1232,01,1697.76,3787.20
1232,02,1215.36,3729.60
1233,01,2005.92,3853.44
1233,02,1510.27,3763.58
1233,12,1177.92,3028.32
1234,01,1807.20,1404.00
1234,02,1352.16,1399.68
1234,11,1976.83,679.10
1235,01,2072.16,2360.16
1235,02,1595.52,2335.68
1235,11,2201.47,1772.93
1236,01,1378.08,1431.36
1236,02,917.28,1399.68
1237,01,2021.76,3763.58
1237,02,1526.40,3679.20
1237,12,1200.00,2956.80
1238,01,1984.32,3852.00
1238,02,1490.40,3766.80
1239,01,2041.92,1474.56
1239,02,1576.00,1482.00
1240,01,2224.80,3756.96
1240,02,1715.04,3656.16
1241,01,2047.89,3754.88
1241,02,1551.05,3668.20
1241,11,2079.82,2998.43
1241,12,1223.42,2950.73
1242,01,2184.19,3753.22
1242,02,1679.04,3656.16
1242,11,2200.32,2999.52
1242,12,1344.96,2952.00
1243,01,2174.40,3749.76
1243,02,1668.96,3653.28
1244,01,607.20,3081.60
1244,02,77.76,3103.20
1244,11,765.00,2400.00
1245,01,1753.92,3810.24
1245,02,1270.08,3746.30
1245,12,950.40,2990.88
1246,01,1769.76,1522.08
1246,02,1314.72,1513.44
1246,12,1254.53,789.70
1247,01,1905.12,3742.56
1247,02,1416.96,3669.12
1247,12,1095.60,2937.60
1248,01,648.00,3096.58
1248,02,120.96,3117.31
1249,01,635.04,3108.96
1249,02,106.56,3130.56
1250,01,2047.68,3738.24
1250,02,1550.88,3653.28
1251,01,2095.20,3725.28
1251,02,1595.52,3637.44
1252,01,2096.64,3719.52
1252,02,1598.40,3631.68
1252,11,2122.80,2968.80
1253,01,1705.54,3718.66
1253,02,1221.60,3664.80
1253,12,910.80,2916.00
1254,01,2028.67,3716.93
1254,02,1532.74,3633.98
1254,12,1211.04,2920.32
1255,01,2032.13,3713.47
1255,02,1539.36,3633.12
1256,01,2026.94,3713.47
1256,02,1532.16,3631.68
1256,11,2061.60,2961.60
1257,01,2708.64,1723.68
1257,02,2173.13,1745.97
1258,01,2114.08,3708.59
1258,02,1612.22,3618.43
1258,11,2137.97,2959.11
1258,12,1287.36,2914.56
1259,01,2014.85,3706.56
1259,02,1520.64,3625.34
1260,01,2037.60,3699.36
1260,02,1542.24,3617.28
1261,01,2047.68,3691.01
1261,02,1550.88,3608.64
1261,11,2079.36,2943.36
1262,01,1887.84,3818.88
1262,02,1399.68,3742.56
1263,01,2757.60,2170.08
1263,02,2208.00,2156.40
1264,01,2178.72,3682.08
1264,02,1674.64,3590.65
1264,12,1348.67,2896.41
1265,01,1731.87,3678.73
1265,02,1248.14,3624.99
1265,11,1791.59,2921.29
1266,01,1758.41,3676.49
1266,02,1275.26,3620.51
1267,01,2708.64,2207.52
1267,02,2166.00,2190.00
1268,01,2560.32,2220.48
1268,02,2034.72,2200.32
1268,12,1900.80,1661.76
1269,01,2016.58,3557.95
1269,02,1522.08,3489.12
1269,11,2035.58,2814.91
1270,01,2160.00,2551.68
1270,02,1673.28,2515.68
1270,12,1491.84,1922.40
1271,01,1887.84,3170.88
1271,02,1255.68,3140.64
1272,01,1956.96,2450.88
1272,02,1487.52,2424.96
1272,11,2073.60,1857.60
1272,12,1321.92,1802.88
1273,01,2237.76,2540.16
1273,02,1745.28,2502.72
1274,01,1988.58,2382.57
1274,02,1518.91,2358.72
1274,12,1360.28,1743.90
1275,01,2246.40,2403.36
1275,02,1755.36,2374.56
1275,12,1596.96,1792.80
1276,01,2203.20,2406.24
1276,02,1716.00,2378.40
1277,01,2239.49,2527.72
1277,02,1745.28,2495.52
1277,11,2353.54,1940.89
1277,12,1572.48,1907.71
1278,01,2304.00,2413.44
1278,02,1805.76,2383.20
1278,12,1647.36,1808.64
1279,01,2622.24,3306.24
1279,02,2079.60,3211.20
1279,11,2599.20,2613.60
1279,12,1759.20,2614.80
1280,01,1641.60,3193.34
1280,02,1161.22,3158.78
1281,01,2296.80,2448.00
1281,02,1800.00,2416.32
1281,12,1637.28,1838.88
1282,01,2044.22,2510.78
1282,02,1567.30,2479.68
1282,11,2160.00,1918.08
1282,12,1394.50,1869.70
1283,01,2276.81,2473.39
1283,02,1780.84,2440.15
1283,11,2396.25,1891.12
1283,12,1615.42,1860.27
1284,01,1975.10,2476.22
1284,02,1503.36,2448.00
1284,11,2089.15,1880.06
1285,01,2285.28,2476.80
1285,02,1788.48,2442.24
1286,01,627.26,3110.40
1286,02,98.50,3132.86
1287,01,1890.43,3189.89
1287,02,1403.83,3139.43
1287,12,1140.48,2469.66
1288,01,670.46,2859.84
1288,02,147.23,2867.79
1289,01,2158.27,2547.07
1289,02,1670.98,2512.51
1290,01,1687.68,3902.08
1290,02,1206.14,3843.07
1290,11,1764.72,3114.38
1291,01,1721.09,3903.55
1291,02,1238.98,3837.89
1291,12,912.96,3064.32
1292,01,1712.45,3903.55
1292,02,1230.34,3839.62
1292,12,910.08,3035.52
1293,01,1694.13,3900.44
1293,02,1211.33,3839.62
1293,11,1769.47,3112.13
1294,01,2293.40,943.49
1294,02,1816.47,984.96
1294,11,2575.41,144.32
1294,12,1893.61,271.23
1295,01,650.40,2835.60
1295,02,122.34,2847.05
1295,11,792.00,2176.80
1296,01,1745.28,3867.26
1296,02,1261.44,3803.33
1297,01,1696.21,3863.12
1297,02,1217.20,3753.22
1297,11,1769.47,3081.02
1297,12,900.29,2991.17
1298,01,2239.49,2443.73
1298,02,1745.01,2411.48
1299,01,1749.79,3851.92
1299,02,1267.00,3787.00
1299,11,1816.47,3073.08
1299,12,945.00,3024.00
1300,01,2235.91,2415.06
1300,02,1745.01,2386.40
1301,01,2173.82,679.10
1301,02,1708.99,715.39
1302,01,1776.38,3163.97
1302,02,1296.00,3122.50
1302,11,1838.59,2479.68
1303,01,1778.11,3169.15
1303,02,1296.00,3127.68
1304,01,1753.92,3177.79
1304,02,1273.54,3138.05
1304,12,1014.34,2452.03
1305,01,1757.38,3182.98
1305,02,1276.99,3141.50
1306,01,2170.37,1116.29
1306,02,1698.62,1142.21
1307,01,2649.02,2229.12
1307,02,2113.34,2208.38
1308,01,2104.70,3798.14
1308,02,1604.97,3703.45
1308,12,1271.81,2985.98
1309,01,1785.02,3198.53
1309,02,1302.91,3155.33
1310,01,2827.01,2099.52
1310,02,2270.88,2092.32
1311,01,1660.61,3205.44
1311,02,1180.22,3169.15
1312,01,2054.59,3691.01
1312,02,1558.68,3610.06
1312,12,1236.70,2901.38
1313,01,1748.74,3810.24
1313,02,1265.76,3748.32
1313,12,946.08,2990.88
1314,01,2729.69,1607.46
1314,02,2194.70,1639.80
1315,01,2626.56,3302.21
1315,02,2083.97,3207.86
1315,12,1764.29,2612.74
1316,01,1662.34,3176.06
1316,02,1182.24,3140.64
1316,12,925.92,2445.12
1317,01,2010.56,3777.27
1317,02,1517.18,3692.74
1317,11,2048.72,3017.09
1318,01,2113.34,3792.96
1318,02,1612.22,3697.92
1319,01,827.71,3592.51
1319,02,314.50,3614.98
1320,01,1704.50,3769.81
1320,02,1221.70,3713.47
1320,11,1772.93,2999.81
1321,01,1706.99,3675.25
1321,02,1223.42,3622.58
1321,11,1770.85,2917.56
1322,01,1753.92,3689.28
1322,02,1270.08,3630.53
1323,01,2030.05,3701.38
1323,02,1536.54,3620.51
1323,11,2063.23,2951.42
1324,01,2075.33,3708.29
1324,02,1577.66,3621.89
1325,01,2032.13,3715.89
1325,02,1537.92,3633.98
1325,11,2064.96,2963.52
1326,01,1752.19,3717.97
1326,02,1266.97,3657.83
1327,01,2183.50,3757.36
1327,02,1679.62,3659.90
1328,01,1893.20,3740.77
1328,02,1405.90,3667.78
1328,11,1942.96,2981.84
1328,12,1087.40,2936.22
1329,01,2105.12,3723.52
1329,02,1603.47,3633.94
1330,01,2096.06,3723.84
1330,02,1596.67,3635.71
1330,12,1270.08,2927.23
1331,01,1824.77,1548.29
1331,02,1368.58,1541.38
1332,01,1160.40,1430.40
1332,02,683.79,1388.48
1332,11,1258.80,686.40
1332,12,569.73,523.14
1333,01,2125.44,3728.33
1333,02,1623.63,3637.09
1333,11,2147.90,2975.62
1333,12,1296.00,2930.69
1334,01,2236.03,3732.48
1334,02,1726.27,3632.26
1335,01,718.85,2856.38
1335,02,200.45,2865.02
1336,01,2172.30,3725.02
1336,02,1667.17,3630.46
1336,12,1337.47,2930.00
1337,01,2163.46,3723.84
1337,02,1658.88,3630.24
1338,01,2125.44,590.98
1338,02,1663.03,620.01
1339,01,2244.67,2462.40
1339,02,1752.19,2430.26
1339,12,1588.38,1845.50
1340,01,1955.82,3747.41
1340,02,1463.13,3669.78
1340,12,1142.14,2943.68
1341,01,1225.15,1453.25
1341,02,753.96,1413.37
1341,12,644.97,567.34
1342,01,1745.28,3908.74
1342,02,1263.60,3842.40
1342,11,1815.84,3120.48
1342,12,937.00,3071.00
1343,01,644.54,2946.24
1343,02,119.23,2961.79
1344,01,1900.80,2448.58
1344,02,1432.51,2424.38
1345,01,1847.23,1346.11
1345,02,1391.04,1346.11
1346,01,1703.81,1346.11
1346,02,1251.07,1334.02
1346,11,1866.24,603.42
1346,12,1208.91,570.24
1347,01,2094.34,3699.30
1347,02,1594.94,3613.25
1347,11,2120.26,2951.42
1348,01,2179.35,3697.23
1348,02,1674.43,3604.61
1348,11,2198.02,2953.15
1349,01,2042.41,3696.65
1349,02,1548.29,3614.98
1349,11,2075.26,2948.66
1349,12,1226.88,2904.77
1350,01,1981.50,3758.76
1350,02,1490.01,3678.73
1350,11,2021.51,2997.93
1351,01,2040.77,1473.98
1351,02,1575.94,1480.90
1352,01,1271.12,1341.62
1352,02,800.24,1301.89
1352,11,1381.02,584.76
1352,12,713.05,444.31
1353,01,2180.74,3739.39
1353,02,1676.16,3642.62
1354,01,2106.43,451.01
1354,02,1646.78,485.57
1355,01,1968.19,3770.50
1355,02,1475.71,3689.28
1355,12,1150.56,2962.08
1356,01,1961.28,1681.34
1356,02,1497.14,1677.54
1356,12,1428.71,1013.99
1357,01,2203.20,2533.25
1357,02,1714.18,2496.96
1357,12,1536.48,1908.00
1358,01,2049.41,3682.37
1358,02,1555.20,3601.15
1359,01,2001.02,3775.68
1359,02,1506.82,3692.74
1359,11,2039.04,3015.36
1359,12,1180.80,2966.40
1360,01,2296.51,974.59
1360,02,1817.86,1012.61
1360,11,2572.92,179.16
1361,01,2082.24,3858.62
1361,02,1584.00,3764.16
1361,12,1248.00,3033.60
1362,01,2040.77,3732.48
1362,02,1544.83,3647.81
1362,12,1221.12,2933.28
1363,01,2059.78,3779.14
1363,02,1562.40,3692.16
1364,01,1888.64,3782.25
1364,02,1399.68,3709.67
1365,01,656.64,2783.81
1365,02,131.33,2790.72
1366,01,1874.88,3791.23
1366,02,1387.58,3716.93
1366,12,1066.18,2975.62
1367,01,1712.79,3821.65
1367,02,1230.23,3759.35
1367,12,913.21,2998.43
1368,01,1878.18,3792.20
1368,02,1388.48,3720.54
1369,01,1871.42,3796.42
1369,02,1384.13,3722.11
1370,01,2968.70,2101.25
1370,02,2393.28,2095.20
1371,01,1998.95,1013.99
1371,02,1540.77,1030.16
1371,11,2227.05,218.97
1371,12,1580.18,268.74
1372,01,2197.19,3797.18
1372,02,1689.98,3695.16
1372,11,2212.53,3037.82
1372,12,1353.02,2987.71
1373,01,2059.78,2502.14
1373,02,1582.85,2471.04
1374,01,653.18,2913.41
1374,02,127.87,2925.50
1375,01,2493.50,2291.33
1375,02,1976.83,2267.14
1376,01,1942.27,3818.88
1376,02,1451.52,3737.66
1376,11,1990.08,3052.80
1377,01,2274.74,2347.32
1377,02,1781.57,2322.43
1377,12,1631.23,1745.28
1378,01,2064.96,2496.96
1378,02,1586.30,2467.58
1378,12,1415.23,1859.33
1379,01,1755.65,2984.26
1379,02,1278.72,2947.97
1380,01,2077.06,3830.98
1380,02,1577.66,3737.66
1380,11,2108.16,3064.32
1380,12,1245.60,3012.48
1381,01,2642.11,2740.61
1381,02,2102.40,2681.28
1381,11,2685.60,2116.80
1382,01,2179.01,2927.23
1382,02,1681.34,2871.94
1383,01,2272.32,2483.14
1383,02,1776.96,2449.44
1384,01,2261.88,2926.26
1384,02,1760.49,2867.79
1384,11,2311.65,2291.74
1385,01,2036.28,2662.50
1385,02,1556.93,2624.83
1386,01,1931.90,2401.92
1386,02,1463.62,2377.73
1387,01,1876.61,2597.18
1387,02,1406.59,2567.81
1388,01,687.74,2799.36
1388,02,164.16,2806.27
1389,01,2246.40,2401.92
1389,02,1755.65,2372.54
1389,12,1598.40,1791.94
1390,01,2161.73,1038.53
1390,02,1694.13,1065.83
1391,01,2191.10,3711.74
1391,02,1686.53,3616.70
1392,01,1791.94,3200.26
1392,02,1309.82,3157.06
1393,01,1745.28,3929.47
1393,02,1262.88,3862.08
1393,11,1815.84,3139.20
1393,12,934.80,3087.60
1394,01,2082.24,3755.52
1394,02,1582.85,3665.09
1394,11,2109.60,2998.80
1395,01,1171.58,1517.18
1395,02,696.38,1477.44
1395,12,574.39,630.37
1396,01,1843.78,1356.48
1396,02,1387.58,1356.48
1397,01,2036.28,1013.99
1397,02,1573.86,1032.65
1397,11,2271.84,218.97
1398,01,1737.68,3956.43
1398,02,1254.53,3888.00
1398,11,1812.67,3162.24
1399,01,2293.24,1010.46
1399,02,1816.47,1045.09
1399,12,1883.66,343.39
1400,01,2642.60,2232.02
1400,02,2106.78,2212.53
1401,01,2291.33,1001.55
1401,02,1814.40,1040.26
1401,11,2565.46,214.00
1401,12,1880.76,338.00
1402,01,1716.94,3891.73
1402,02,1234.21,3829.53
1402,12,910.31,3056.49
1403,01,2017.61,3776.03
1403,02,1524.10,3691.01
1403,12,1195.78,2966.98
1404,01,2179.35,1159.14
1404,02,1706.57,1186.10
1404,12,1735.20,483.84
1405,01,2295.48,974.59
1405,02,1816.47,1011.92
1405,12,1888.64,301.09
1406,01,2293.40,968.37
1406,02,1812.33,1007.77
1406,12,1889.05,300.67
1407,01,2326.58,966.30
1407,02,1845.50,1007.77
1408,01,2317.12,955.52
1408,02,1836.38,997.32
1408,11,2597.81,157.66
1409,01,2032.13,1362.36
1409,02,1567.64,1372.72
1410,01,1719.01,3854.82
1410,02,1235.87,3792.61
1411,01,1692.06,3849.43
1411,02,1209.32,3789.71
1411,11,1766.71,3066.85
1411,12,888.33,3023.31
1412,01,2204.24,3722.11
1412,02,1696.21,3624.65
1412,11,2218.75,2973.89
1412,12,1364.43,2927.92
1413,01,2078.25,3831.02
1413,02,1580.08,3734.97
1413,11,2107.61,3063.12
1413,12,1244.16,3010.87
1414,01,1745.97,3823.72
1414,02,1262.82,3761.51
1414,11,1812.33,3048.19
1415,01,1752.19,3686.86
1415,02,1269.04,3630.87
1416,01,1751.78,3817.08
1416,02,1269.04,3754.88
1417,01,1887.14,3816.09
1417,02,1399.68,3738.70
1417,11,1940.89,3048.19
1418,01,1941.60,3813.60
1418,02,1451.52,3732.48
1418,11,1990.00,3047.00
1418,12,1126.66,2994.62
1419,01,1751.78,3809.62
1419,02,1269.04,3749.90
1420,01,1700.35,3811.28
1420,02,1217.20,3753.22
1421,01,2237.41,2413.67
1421,02,1745.97,2384.64
1422,01,1752.19,3809.20
1422,02,1269.04,3747.00
1423,01,2235.34,2426.11
1423,02,1743.90,2395.01
1424,01,1749.79,3804.14
1424,02,1266.56,3742.43
1424,11,1813.99,3030.77
1425,01,1694.55,3812.11
1425,02,1211.12,3751.59
1425,11,1764.63,3033.68
1426,01,2239.49,2438.55
1426,02,1746.80,2406.21
1426,12,1587.55,1823.94
1427,01,2239.49,2444.77
1427,02,1748.05,2413.67
1428,01,1872.46,3794.69
1428,02,1385.17,3720.04
1428,12,1064.45,2979.07
1429,01,2276.81,2473.81
1429,02,1781.22,2440.63
1430,01,1984.44,3786.39
1430,02,1490.92,3703.45
1431,01,1986.51,3776.03
1431,02,1494.72,3692.74
1432,01,2005.59,1025.19
1432,02,1540.69,1038.87
1432,11,2230.53,226.93
1432,12,1580.08,276.20
1433,01,2222.07,3764.83
1433,02,1712.79,3661.98
1433,12,1377.22,2961.79
1434,01,2183.50,2594.07
1434,02,1694.13,2554.68
1435,01,629.55,2856.59
1435,02,102.02,2869.03
1435,11,775.53,2195.94
1436,01,646.96,2859.08
1436,02,119.44,2871.52
1437,01,1905.64,3740.77
1437,02,1416.27,3668.20
1438,01,2117.15,3736.63
1438,02,1615.33,3645.39
1438,11,2140.99,2982.53
1438,12,1289.09,2937.60
1439,01,2046.64,3736.63
1439,02,1551.05,3651.61
1440,01,2227.05,3730.41
1440,02,1716.94,3630.87
1440,11,2239.49,2983.91
1441,01,2299.21,2876.50
1441,02,1794.08,2816.78
1441,12,1559.35,2224.97
1442,01,2096.41,3728.33
1442,02,1596.67,3639.17
1442,11,2121.98,2975.62
1443,01,2120.05,3726.51
1443,02,1617.41,3635.02
1443,11,2139.96,2973.54
1444,01,2094.34,3724.19
1444,02,1594.60,3635.02
1444,11,2120.26,2972.16
1444,12,1269.04,2925.85
1445,01,2139.96,3720.04
1445,02,1637.31,3627.97
1445,11,2160.69,2969.40
1446,01,634.52,2903.04
1446,02,107.83,2915.48
1447,01,2032.13,3715.89
1447,02,1536.54,3632.95
1448,01,2167.82,3712.18
1448,02,1662.60,3619.01
1448,11,2185.74,2965.08
1449,01,2146.18,3711.74
1449,02,1644.36,3620.51
1449,12,1315.01,2918.59
1450,01,671.85,2907.19
1450,02,149.30,2919.63
1451,01,1980.29,3709.67
1451,02,1486.77,3630.87
1452,01,1988.67,3705.61
1452,02,1495.07,3628.80
1452,12,1175.73,2911.33
1453,01,2164.84,3705.52
1453,02,1660.95,3612.21
1454,01,2005.17,3703.45
1454,02,1509.58,3624.65
1454,11,2042.50,2953.15
1454,12,1192.32,2909.95
1455,01,2012.55,3702.62
1455,02,1519.20,3621.60
1455,11,2047.89,2951.15
1455,12,1198.08,2907.36
1456,01,2167.82,3699.64
1456,02,1666.18,3607.07
1457,01,1706.57,3688.93
1457,02,1223.42,3635.02
1458,01,2212.12,2928.75
1458,02,1714.45,2871.52
1459,01,2168.99,624.15
1459,02,1706.57,663.55
1460,01,615.86,2950.73
1460,02,87.09,2965.25
1461,01,1706.57,3674.42
1461,02,1223.42,3622.58
1462,01,827.37,3591.48
1462,02,313.11,3614.29
1463,01,1754.27,2961.10
1463,02,1276.51,2926.26
1463,12,1042.61,2259.40
1464,01,655.26,2985.98
1464,02,130.64,3000.50
1465,01,2643.84,2229.12
1465,02,2108.85,2208.38
1466,01,2025.49,3715.06
1466,02,1530.32,3632.95
1466,11,2059.09,2963.17
1467,01,634.52,3068.93
1467,02,105.75,3089.66
1468,01,649.45,3075.56
1468,02,121.93,3092.98
1469,01,1992.73,3778.10
1469,02,1501.92,3696.48
1469,12,1174.80,2970.00
1470,01,2160.69,2546.38
1470,02,1672.15,2510.72
1471,01,1818.55,3172.61
1471,02,1337.47,3129.41
1472,01,1816.47,3164.31
1472,02,1335.40,3120.77
1472,11,1876.61,2479.68
1473,01,1913.93,2374.27
1473,02,1447.61,2350.57
1473,12,1286.36,1723.51
1474,01,1801.96,3193.34
1474,02,1320.88,3149.80
1475,01,1903.57,3168.46
1475,02,1418.34,3118.69
1476,01,1758.41,3180.90
1476,02,1277.34,3139.43
1476,12,1018.14,2455.14
1477,01,1737.68,3178.83
1477,02,1256.60,3139.43
1477,11,1942.27,2486.59
1477,12,999.48,2451.00
1478,01,1623.63,3172.61
1478,02,1144.63,3139.43
1478,11,1698.62,2483.14
1479,01,2254.00,2482.10
1479,02,1760.49,2448.92
1480,01,2314.14,991.18
1480,02,1835.00,1029.00
1480,12,1905.60,328.80
1481,01,1845.50,1345.77
1481,02,1389.31,1343.69
1481,11,2025.49,612.13
1482,01,1235.87,1451.52
1482,02,769.31,1412.12
1483,01,1322.96,1482.62
1483,02,858.47,1449.45
1483,12,756.45,629.55
1484,01,1860.27,1495.98
1484,02,1403.41,1492.99
1484,11,2030.47,791.29
1485,01,1847.58,1497.14
1485,02,1389.31,1492.99
1485,11,2015.54,791.29
1485,12,1341.20,781.33
1486,01,1192.32,1513.73
1486,02,719.54,1476.40
1486,12,599.69,634.52
1487,01,2034.20,3728.33
1487,02,1538.61,3645.39
1488,01,1743.90,1565.57
1488,02,1291.85,1557.27
1489,01,1755.76,1576.60
1489,02,1296.42,1565.15
1489,11,1909.84,881.46
1489,12,1227.24,845.03
1490,01,1978.21,3844.45
1490,02,1486.77,3759.44
1490,11,2021.76,3075.15
1491,01,2728.86,1694.13
1491,02,2192.83,1719.36
1492,01,2712.47,1841.76
1492,02,2173.80,1854.30
1493,01,669.77,3153.95
1493,02,146.88,3176.06
1494,01,2314.14,2366.39
1494,02,1816.67,2339.82
1494,12,1666.18,1766.51
1495,01,1949.18,2382.57
1495,02,1482.62,2357.68
1495,12,1322.96,1737.68
1496,01,2239.49,2527.72
1496,02,1745.97,2492.47
1497,01,2168.99,2531.87
1497,02,1681.69,2496.61
1497,11,2276.81,1938.82
1498,01,2042.50,3697.23
1498,02,1546.91,3614.29
1498,12,1225.50,2903.04
1499,01,2166.91,2923.78
1499,02,1671.32,2869.86
1500,01,1969.92,3767.73
1500,02,1479.17,3687.55
1500,11,2013.12,3006.72
1500,12,1154.30,2960.06
1501,01,1810.25,613.79
1501,02,1360.28,615.86
1502,01,2179.35,3697.23
1502,02,1673.40,3603.92
1502,12,1345.77,2907.19
1503,01,2127.51,2916.31
1503,02,1634.83,2864.06
1503,12,1400.92,2246.95
1504,01,1872.46,2594.07
1504,02,1401.75,2562.97
1505,01,622.08,2908.85
1505,02,92.07,2923.78
1506,01,651.94,2906.36
1506,02,126.90,2918.80
1507,01,1789.52,3164.31
1507,02,1308.44,3120.77
1507,12,1051.32,2440.63
1508,01,2222.90,3755.29
1508,02,1714.18,3654.72
1509,01,2046.64,3753.22
1509,02,1551.74,3666.82
1509,11,2080.51,2998.08
1510,01,1938.40,3839.48
1510,02,1448.06,3758.40
1510,11,1985.47,3068.93
1511,01,1700.35,3753.22
1511,02,1218.24,3697.92
1512,01,2234.51,2923.78
1512,02,1733.53,2867.79
1512,11,2287.26,2284.28
1513,01,2020.91,2569.14
1513,02,1544.35,2536.89
1513,12,1364.60,1919.99
1514,01,2137.88,2919.63
1514,02,1644.36,2865.72
1514,12,1410.05,2249.86
1515,01,2087.70,3759.85
1515,02,1589.76,3670.27
1515,11,2115.07,3002.57
1516,01,2326.58,3846.94
1516,02,1809.51,3732.48
1516,11,2326.58,3083.44
1516,12,1458.16,3028.29
1517,01,2276.81,2339.02
1517,02,1783.30,2314.14
1518,01,2202.16,2403.30
1518,02,1716.48,2376.00
1518,12,1559.52,1788.48
1519,01,1768.78,1569.72
1519,02,1312.59,1559.35
1520,01,1706.57,1414.20
1520,02,1252.45,1403.83
1520,11,1863.75,686.78
1521,01,2069.45,3856.90
1521,02,1571.79,3761.51
1522,01,1846.33,3197.49
1522,02,1363.60,3150.21
1522,11,1815.60,2318.40
1523,01,2170.81,1155.58
1523,02,1697.03,1184.44
1524,01,1687.08,3904.18
1524,02,1206.84,3841.97
1524,12,881.28,3064.78
1525,01,1746.80,3871.83
1525,02,1264.90,3805.06
1525,12,941.41,3039.90
1526,01,2023.00,1448.20
1526,02,1560.18,1455.67
1527,01,2027.98,1460.64
1527,02,1565.85,1469.10
1527,11,2224.56,764.41
1527,12,1537.19,784.72
1528,01,2271.84,2348.97
1528,02,1779.65,2320.11
1528,12,1630.35,1743.82
1529,01,2182.16,2594.22
1529,02,1692.06,2555.51
1529,11,2275.32,1988.67
1529,12,1507.92,1963.28
1530,01,656.92,2774.48
1530,02,131.88,2781.94
1531,01,644.89,2844.98
1531,02,119.44,2854.10
1531,11,787.97,2185.57
1532,01,671.85,2878.99
1532,02,149.30,2887.45
1533,01,2033.28,999.36
1533,02,1569.72,1020.21
1533,11,2268.00,204.48
1533,12,1621.39,259.78
1534,01,1746.80,3824.55
1534,02,1264.07,3759.85
1535,01,2176.78,2926.27
1535,02,1679.62,2871.52
1535,11,2227.54,2287.26
1535,12,1440.74,2256.91
1536,01,1848.32,1495.98
1536,02,1390.97,1490.50
1536,11,2018.53,791.29
1536,12,1343.69,779.34
1537,01,1741.82,3864.36
1537,02,1259.09,3799.67
1537,11,1810.25,3083.44
1538,01,2291.74,1000.30
1538,02,1814.40,1038.87
1539,01,1711.96,3864.36
1539,02,1229.65,3802.98
1539,12,908.24,3033.68
1540,01,1697.03,3861.87
1540,02,1214.30,3802.15
1540,11,1770.85,3079.30
1541,01,826.12,3593.14
1541,02,313.53,3615.53
1542,01,2722.22,1597.50
1542,02,2187.65,1631.92
1543,01,2147.42,3712.57
1543,02,1642.29,3620.51
1543,11,2166.91,2963.17
1544,01,2177.28,3712.57
1544,02,1674.64,3620.51
1545,01,2167.33,624.57
1545,02,1704.50,661.89
1546,01,2030.47,3714.57
1546,02,1534.80,3630.96
1546,11,2065.31,2961.10
1546,12,1214.30,2916.31
1547,01,1697.03,3784.74
1547,02,1215.30,3726.51
1547,12,898.28,2968.57
1548,01,1755.76,3719.34
1548,02,1271.53,3662.81
1548,12,958.00,2918.80
1549,01,2824.24,2097.65
1549,02,2268.52,2090.19
1550,01,2173.80,3744.43
1550,02,1669.66,3647.88
1550,11,2192.21,2990.96
1551,01,1980.70,3759.85
1551,02,1490.50,3677.74
1551,11,2021.76,3000.50
1551,12,1165.36,2952.81
1552,01,1931.33,2400.73
1552,02,1461.94,2375.65
1552,12,1300.70,1752.18
1553,01,2302.19,2406.70
1553,02,1804.03,2376.35
1554,01,2080.24,3757.36
1554,02,1580.08,3667.78
1554,12,1252.45,2952.81
1555,01,2075.26,3756.37
1555,02,1576.60,3669.18
1555,11,2102.63,2998.43
1555,12,1248.14,2953.14
1556,01,2171.52,3752.64
1556,02,1667.17,3655.34
1556,11,2187.60,2998.80
1557,01,2272.33,2481.35
1557,02,1773.67,2445.52
1557,12,1606.46,1866.24
1558,01,2005.59,1025.19
1558,02,1540.27,1040.12
1559,01,2115.07,3734.97
1559,02,1614.92,3642.90
1560,01,2045.40,3734.97
1560,02,1549.73,3651.86
1560,11,2077.75,2981.84
1560,12,1224.25,2936.22
1561,01,2032.96,3729.99
1561,02,1540.27,3645.39
1561,12,1215.13,2930.00
1562,01,2008.07,3836.99
1562,02,1512.90,3749.90
1562,11,2047.89,3068.10
1563,01,1702.01,3819.57
1563,02,1219.28,3762.34
1563,11,1772.93,3044.05
1563,12,900.77,2998.43
1564,01,1881.17,3817.08
1564,02,1393.46,3742.43
1564,12,1072.05,2998.43
1565,01,2003.60,3702.62
1565,02,1507.92,3625.48
1565,11,2037.93,2951.15
1566,01,2092.58,3701.43
1566,02,1594.52,3615.43
1566,11,2120.05,2953.14
1567,01,2033.46,3702.62
1567,02,1540.69,3620.51
1567,11,2065.31,2951.15
1567,12,1219.28,2907.19
1568,01,2159.86,1030.16
1568,02,1693.05,1057.04
1569,01,1886.15,3814.60
1569,02,1398.44,3739.95
1569,11,1940.89,3048.19
1569,12,1074.95,2995.94
1570,01,2187.23,3695.16
1570,02,1682.10,3600.60
1570,12,1354.06,2905.11
1571,01,1711.96,3682.71
1571,02,1229.23,3627.97
1571,12,920.68,2883.96
1572,01,2015.54,3555.81
1572,02,1520.36,3483.65
1573,01,1858.78,3170.12
1573,02,1376.04,3122.84
1573,11,1913.52,2485.83
1573,12,1114.77,2451.00
1574,01,1654.24,3171.12
1574,02,1174.49,3137.77
1574,11,1726.89,2483.34
1575,01,1694.55,3899.20
1575,02,1212.31,3836.99
1575,11,1768.78,3110.40
1575,12,888.33,3060.63
1576,01,1809.01,3190.03
1576,02,1328.76,3145.24
1577,01,1731.87,3192.02
1577,02,1250.53,3149.62
1577,12,992.54,2461.65
1578,01,1269.04,1341.20
1578,02,801.24,1303.88
1578,11,1379.53,585.25
1579,01,1186.93,1510.41
1579,02,711.66,1473.09
1580,01,2625.18,1995.63
1580,02,2095.17,1993.14
1581,01,1967.76,3765.33
1581,02,1475.57,3687.69
1581,11,2008.07,3005.89
1581,12,1152.09,2958.61
1582,01,1950.84,2381.32
1582,02,1483.04,2356.44
1582,12,1321.30,1736.85
1583,01,2615.72,3310.86
1583,02,2075.26,3215.91
1583,11,2590.64,2615.72
1583,12,1755.76,2618.71
1584,01,2184.75,3757.36
1584,02,1677.54,3659.90
1584,12,1344.38,2956.61
1585,01,2291.74,2451.00
1585,02,1795.74,2417.82
1586,01,2204.65,2530.62
1586,02,1714.45,2495.79
1586,11,2314.14,1940.89
1586,12,1537.78,1906.05
1587,01,2222.07,3715.06
1587,02,1714.87,3616.36
1587,12,1382.40,2922.05
1588,01,2070.28,3702.62
1588,02,1572.62,3618.02
1589,01,1952.83,3699.64
1589,02,1460.64,3625.48
1589,11,1993.14,2948.66
1590,01,1306.37,1488.02
1590,02,838.56,1455.67
1591,01,2035.45,2660.01
1591,02,1555.20,2622.69
1592,01,2174.79,3734.97
1592,02,1671.32,3639.17
1592,11,2193.87,2983.91
1593,01,2771.99,1923.47
1593,02,2224.97,1930.52
1594,01,2630.15,2174.79
1594,02,2096.41,2158.62
1595,01,2152.40,2923.78
1595,02,1657.22,2869.03
1596,01,2246.95,2530.62
1596,02,1752.19,2495.23
1596,11,2351.46,1940.89
1596,12,1575.94,1909.44
1597,01,639.50,2933.73
1597,02,111.97,2951.15
1598,01,1946.86,3759.35
1598,02,1455.67,3682.71
1598,12,1132.19,2953.64
1599,01,1690.07,3866.85
1599,02,1209.32,3807.13
1599,11,1766.71,3083.03
1600,01,2830.71,2102.13
1600,02,2274.32,2092.68
1601,01,637.81,2934.63
1601,02,111.08,2948.96
1602,01,1749.79,3822.06
1602,02,1263.07,3759.35
1602,11,1813.99,3045.70
1602,12,943.07,3000.91
1603,01,1942.08,3816.09
1603,02,1451.19,3735.47
1603,11,1988.67,3048.69
1603,12,1124.72,2995.94
1604,01,1218.28,453.87
1604,02,758.44,394.15
1605,01,2030.47,3693.66
1605,02,1534.80,3613.04
1605,11,2062.82,2946.17
1605,12,1214.30,2901.38
1606,01,2217.99,3762.34
1606,02,1709.48,3660.32
1606,11,2230.53,3006.89
1606,12,1373.55,2959.11
1607,01,2143.94,603.17
1607,02,1681.11,636.01
1608,01,1755.76,3720.54
1608,02,1272.03,3660.82
1608,12,958.50,2917.31
1609,01,2179.77,3714.57
1609,02,1672.15,3619.01
1609,11,2194.70,2966.08
1610,01,2039.43,1030.16
1610,02,1575.11,1050.07
1610,12,1618.40,298.60
1611,01,1979.71,3708.59
1611,02,1490.01,3630.96
1612,01,2117.06,639.00
1612,02,1657.22,668.86
1613,01,2081.23,3705.61
1613,02,1582.57,3619.01
1613,11,2105.12,2956.12
1614,01,2174.99,3694.26
1614,02,1672.15,3601.10
1614,11,2194.70,2950.15
1615,01,1707.98,3687.69
1615,02,1224.25,3633.94
1616,01,2033.46,3681.72
1616,02,1537.19,3601.10
1616,11,2065.31,2936.22
1616,12,1218.28,2890.43
1617,01,2174.99,3740.84
1617,02,1669.17,3645.89
1617,11,2191.71,2988.97
1618,01,2619.31,3300.11
1618,02,2075.26,3206.95
1618,11,2594.22,2608.56
1619,01,627.06,3111.40
1619,02,98.54,3135.28
1620,01,627.06,3072.58
1620,02,98.54,3093.48
1621,01,671.85,2920.29
1621,02,146.31,2935.22
1622,01,2302.19,2872.52
1622,02,1794.08,2816.78
1623,01,647.96,2842.66
1623,02,119.44,2851.62
1623,11,791.29,2182.75
1624,01,636.01,2800.85
1624,02,107.50,2812.80
1625,01,686.78,2794.88
1625,02,164.23,2800.85
1626,01,2370.87,2535.10
1626,02,1863.25,2496.28
1627,01,1925.96,2364.90
1627,02,1460.15,2341.01
1627,12,1301.89,1716.94
1628,01,2275.32,2472.40
1628,02,1779.65,2439.55
1629,01,2126.02,585.25
1629,02,1663.19,618.10
1630,01,2239.49,2436.56
1630,02,1749.79,2406.70
1630,12,1588.54,1824.44
1631,01,2239.49,2427.61
1631,02,1746.80,2397.75
1631,11,2358.93,1839.37
1631,12,1585.56,1815.48
1632,01,1922.97,2397.75
1632,02,1454.17,2373.86
1633,01,2143.94,683.79
1633,02,1681.11,716.64
1634,01,2819.96,2096.16
1634,02,2266.36,2087.20
1635,01,1699.03,3860.88
1635,02,1215.30,3801.16
1636,01,1743.82,1567.64
1636,02,1289.95,1558.68
1637,01,1113.77,1498.96
1637,02,633.03,1454.17
1637,12,505.23,594.81
1638,01,2158.87,710.66
1638,02,1693.05,746.50
1639,01,2326.08,967.46
1639,02,1843.85,1007.77
1640,01,2293.24,940.59
1640,02,1813.09,981.79
1640,11,2572.72,143.33
1640,12,1891.92,268.74
1641,01,639.00,3093.48
1641,02,110.48,3114.38
1642,01,639.00,3075.56
1642,02,110.48,3093.48
1643,01,2114.08,3715.76
1643,02,1612.43,3625.48
1643,11,2137.97,2965.08
1644,01,1952.83,3699.64
1644,02,1463.13,3624.99
1645,01,2314.14,3863.86
1645,02,1796.57,3747.41
1645,11,2314.14,3095.47
1645,12,1445.30,3039.90
1646,01,1633.33,3197.99
1646,02,1152.59,3165.14
1647,01,1696.04,3813.10
1647,02,1212.31,3753.38
1648,01,1905.00,2454.00
1648,02,1437.01,2430.26
1648,11,2021.00,1857.00
1648,12,1269.04,1801.96
1649,01,2143.94,627.06
1649,02,1681.11,659.90
1650,01,2233.52,2538.09
1650,02,1740.83,2499.27
1650,11,2343.40,1949.25
1650,12,1564.66,1914.02
1651,01,2367.89,2529.13
1651,02,1861.26,2490.81
1652,01,668.86,2857.59
1652,02,146.31,2866.55
1653,01,2200.67,3786.23
1653,02,1693.05,3684.71
1653,11,2214.61,3028.29
1654,01,1833.39,2403.72
1654,02,1367.58,2379.83
1655,01,2299.21,2917.31
1655,02,1791.59,2859.08
1655,12,1552.71,2261.88
1656,01,2179.77,3684.71
1656,02,1675.14,3592.14
1657,01,1920.59,2354.15
1657,02,1454.77,2332.65
1657,12,1297.11,1705.59
1658,01,2729.19,1699.03
1658,02,2192.21,1724.41
1659,01,1999.42,3834.00
1659,02,1504.94,3748.01
1660,01,2624.68,1991.65
1660,02,2096.16,1991.65
1661,01,1994.64,3836.99
1661,02,1501.95,3750.40
1661,12,1170.51,3015.84
1662,01,2714.26,1842.35
1662,02,2174.79,1853.80
1663,01,2750.09,1824.44
1663,02,2206.64,1836.38
1664,01,2305.18,2418.65
1664,02,1805.92,2386.40
1664,12,1644.68,1813.09
1665,01,2049.58,2773.38
1665,02,1565.15,2729.69
1665,12,1353.65,2112.58
1666,01,2221.57,2541.07
1666,02,1728.89,2502.26
1667,01,648.56,2855.80
1667,02,118.25,2870.13
1668,01,1988.67,3774.28
1668,02,1492.99,3693.66
1669,01,2640.80,2733.97
1669,02,2102.13,2672.46
1669,11,2687.39,2108.11
1670,01,2030.47,2633.64
1670,02,1549.73,2597.81
1670,11,2127.51,2030.47
1670,12,1358.62,1982.69
1671,01,2203.66,3807.13
1671,02,1696.04,3702.62
1671,12,1356.13,2993.45
1672,01,1946.86,2379.83
1672,02,1481.05,2355.94
1672,12,1322.79,1734.86
1673,01,1367.58,1534.80
1673,02,906.54,1504.94
1673,11,1483.44,816.97
1674,01,1170.51,1516.88
1674,02,695.73,1475.08
1675,01,2293.24,1343.69
1675,02,1809.51,1368.78
1675,11,2526.14,641.39
1676,01,2630.65,2176.78
1676,02,2097.65,2159.86
1677,01,2164.84,3774.28
1677,02,1660.21,3678.73
1677,11,2182.26,3018.33
1678,01,2131.99,3845.95
1678,02,1627.36,3744.43
1678,12,1286.96,3021.82
1679,01,1215.30,1469.10
1679,02,743.51,1430.29
1680,01,2103.33,505.23
1680,02,1477.44,3978.72
1680,12,1128.00,3204.00
1681,01,2028.08,1458.35
1681,02,1565.85,1469.10
1682,01,2020.91,1447.61
1682,02,1558.68,1458.35
1683,01,2013.75,1440.44
1683,02,1551.52,1451.19
1684,01,2031.66,1358.03
1684,02,1569.43,1368.78
1684,12,1555.10,670.05
1685,01,2282.49,2468.81
1685,02,1788.01,2436.56
1685,11,2404.31,1884.75
1685,12,1623.18,1852.51
1686,01,1970.75,2475.98
1686,02,1497.77,2447.31
1686,12,1329.36,1827.42
1687,01,1899.09,2450.90
1687,02,1433.27,2425.81
1687,12,1264.86,1798.76
1688,01,2182.16,2594.22
1688,02,1687.68,2558.39
1689,01,1895.50,2440.15
1689,02,1426.11,2415.06
1689,11,2010.17,1845.34
1689,12,1261.28,1788.01
1690,01,1716.34,3894.92
1690,02,1232.61,3830.42
1690,12,910.73,3057.65
1691,01,2128.41,2913.13
1691,02,1637.51,2862.96
1691,11,2192.91,2275.32
1691,12,1404.61,2246.66
1692,01,2264.57,2923.88
1692,02,1759.34,2866.55
1693,01,2303.99,3869.84
1693,02,1788.60,3756.37
1694,01,2013.75,1031.96
1694,02,1551.52,1049.87
1695,01,2035.25,1028.37
1695,02,1573.02,1046.29
1696,01,2142.74,601.97
1696,02,1680.51,634.22
1697,01,2167.82,3701.43
1697,02,1666.18,3608.26
1698,01,2314.74,953.13
1698,02,1834.59,992.54
1699,01,2013.75,3550.93
1699,02,1519.27,3479.27
1699,11,2036.44,2809.81
1700,01,2174.99,3694.26
1700,02,1669.76,3601.10
1701,01,2035.25,3701.43
1701,02,1540.77,3622.60
1701,11,2069.29,2953.14
1702,01,1992.25,3708.59
1702,02,1497.77,3629.76
1702,12,1178.87,2913.13
1703,01,2031.66,3712.18
1703,02,1533.60,3629.76
1703,11,2063.32,2959.11
1703,12,1212.31,2914.32
1704,01,2114.08,3733.68
1704,02,1612.43,3644.10
1704,12,1286.96,2935.22
1705,01,1927.75,2475.98
1705,02,1458.35,2450.90
1705,11,2042.41,1881.17
1705,12,1286.36,1827.42
1706,01,2117.66,3830.42
1706,02,1616.02,3733.68
1706,11,2143.94,3063.62
1706,12,1280.99,3012.86
1707,01,2103.33,451.48
1707,02,1644.68,483.73
1708,01,2060.33,2497.48
1708,02,1583.77,2465.23
1708,11,2176.78,1908.04
1709,01,1748.59,1325.78
1709,02,1293.53,1318.61
1710,01,1813.09,1508.52
1710,02,1358.03,1504.94
1711,01,2748.30,1823.84
1711,02,2203.66,1838.17
1711,12,2146.33,1304.28
1712,01,2300.40,2870.13
1712,02,1794.58,2815.78
1712,12,1561.67,2221.57
1713,01,1175.28,1515.69
1713,02,698.72,1476.27
1714,01,1784.42,1336.53
1714,02,1329.36,1332.94
1714,12,1297.11,587.64
1715,01,2300.40,2407.90
1715,02,1802.34,2379.23
1715,12,1644.68,1802.34
1716,01,2189.32,3798.17
1716,02,1684.10,3697.84
1716,11,2206.64,3039.73
1716,12,1346.68,2988.97
1717,01,1737.84,3798.17
1717,02,1250.53,3737.26
1717,11,1803.53,3024.80
1718,01,2235.91,2407.90
1718,02,1749.79,2373.86
1719,01,2196.49,2404.31
1719,02,1710.97,2376.84
1719,12,1555.70,1785.62
1720,01,1877.59,3794.59
1720,02,1390.27,3719.34
1720,11,1931.93,3030.77
1720,12,1068.98,2977.03
1721,01,1823.84,2404.31
1721,02,1358.03,2382.82
1722,01,2096.16,3787.42
1722,02,1594.52,3694.26
1722,12,1266.06,2977.03
1723,01,1977.92,3837.59
1723,02,1483.44,3751.59
1724,01,2300.40,2916.71
1724,02,1791.59,2857.59
1724,12,1552.71,2260.39
1725,01,1920.59,2397.15
1725,02,1451.19,2375.65
1725,12,1289.95,1748.59
1726,01,1931.33,2393.57
1726,02,1461.94,2368.48
1726,12,1300.70,1745.01
1727,01,2085.41,3762.34
1727,02,1584.00,3672.00
1727,11,2114.08,3003.90
1727,12,1256.40,2956.80
1728,01,1956.42,2382.82
1728,02,1487.02,2357.73
1728,12,1329.36,1737.84
1729,01,2178.57,3755.17
1729,02,1673.35,3658.43
1730,01,2085.41,3755.17
1730,02,1587.35,3665.59
1730,11,2114.08,2997.93
1731,01,2207.24,3869.84
1731,02,1702.01,3759.35
1731,11,2221.57,3099.45
1731,12,1363.60,3043.22
1732,01,648.56,3092.29
1732,02,121.83,3110.20
1733,01,2217.99,3869.84
1733,02,1711.96,3762.34
1733,11,2235.91,3103.04
1733,12,1364.43,3044.05
1734,01,1949.25,3748.01
1734,02,1458.35,3669.18
1734,12,1135.87,2941.79
1735,01,2898.79,3156.78
1735,02,2323.10,3057.65
1736,01,1848.92,1494.19
1736,02,1393.86,1490.60
1736,11,2017.33,788.30
1736,12,1343.69,777.55
1737,01,2368.48,2533.31
1737,02,1863.25,2493.89
1737,12,1684.10,1924.17
1738,01,2031.66,1039.12
1738,02,1569.43,1057.04
1739,01,2124.83,3726.51
1739,02,1624.38,3633.94
1739,11,2146.92,2974.04
1739,12,1293.93,2928.75
1740,01,2235.91,3722.93
1740,02,1728.89,3624.99
1740,12,1394.45,2929.25
1741,01,2640.80,2232.32
1741,02,2108.11,2209.63
1742,01,2293.24,942.38
1742,02,1813.09,981.79
1743,01,2142.74,2644.39
1743,02,1655.43,2604.97
1743,11,2239.49,2035.25
1744,01,2178.57,3712.18
1744,02,1673.35,3619.01
1745,01,2830.71,2096.16
1745,02,2275.32,2092.58
1746,01,2017.33,3841.17
1746,02,1522.85,3751.59
1746,12,1193.20,3017.04
1747,01,1730.68,3679.93
1747,02,1246.65,3625.48
1747,12,938.10,2883.96
1748,01,2139.16,3862.67
1748,02,1633.93,3762.34
1749,01,1952.83,3701.43
1749,02,1461.94,3626.18
1749,11,1991.65,2947.17
1750,01,1691.26,3851.92
1750,02,1209.32,3792.20
1751,01,2178.57,3683.51
1751,02,1673.35,3590.35
1752,01,1859.67,1497.77
1752,02,1401.02,1494.19
1752,11,2028.08,791.88
1753,01,1286.36,1408.19
1753,02,820.55,1372.36
1754,01,2723.22,1605.27
1754,02,2189.32,1637.51
1755,01,1699.03,3801.16
1755,02,1214.70,3744.43
1755,11,1769.20,3025.80
1756,01,2028.08,2622.89
1756,02,1549.73,2588.85
1756,12,1358.62,1973.74
1757,01,2296.82,3776.67
1757,02,1780.84,3665.59
1757,11,2305.18,3021.82
1757,12,1439.24,2971.05
1758,01,2296.82,3640.51
1758,02,1784.42,3540.18
1758,12,1457.16,2863.56
1759,10,2121.00,3253.00
1759,11,1663.00,3252.00
1760,10,2473.00,3022.00
1760,11,1983.00,2994.00
1761,10,2577.60,3022.56
1761,11,2077.20,2985.60
1762,10,2264.40,3255.60
1762,11,1795.20,3237.60
1763,10,2184.48,2468.16
1763,11,1700.64,2488.32
1763,00,2275.78,3606.34
1764,10,2346.00,2468.00
1764,11,1846.00,2478.00
1765,10,2341.00,2468.00
1765,11,1841.00,2478.00
1766,10,2242.08,2957.76
1766,11,1771.20,2955.60
1766,12,910.80,2916.00
1766,01,1704.96,3719.52
1767,10,2385.00,3365.00
1767,11,1912.00,3330.00
1768,10,2220.00,2462.00
1768,11,1732.00,2482.00
1768,00,2314.80,3597.60
1769,10,2293.20,2941.20
1769,11,1818.00,2935.00
1769,12,964.00,2897.00
1770,10,2270.00,2934.00
1770,11,1796.00,2930.00
1770,12,917.00,3037.00
1771,10,2264.00,2933.00
1771,11,1788.00,3116.00
1772,10,2286.00,3181.20
1772,11,1812.96,3163.68
1772,01,1740.10,3958.85
1773,10,2601.00,3329.00
1773,11,2105.00,3269.00
1774,10,2856.38,2299.97
1774,11,2285.28,2288.16
1775,10,2121.00,3263.00
1775,11,1662.00,3262.00
1776,10,2241.00,2970.00
1776,11,1770.00,2967.00
1776,12,908.00,2927.00
1777,10,2484.00,3378.00
1777,11,2003.00,3329.00
1778,10,2286.07,3171.12
1778,11,1816.47,3152.70
1778,12,931.63,3102.44
1778,01,1744.31,3946.48
1778,02,1261.28,3880.59
1779,10,1432.80,2740.32
1779,11,976.32,2831.04
1780,10,2748.96,3029.76
1780,11,2232.00,2976.48
1780,12,1376.64,2927.52
1781,10,1117.26,2712.27
1781,11,642.00,2834.40
1781,01,462.00,3602.40
1782,10,2574.72,2977.92
1782,11,2072.40,2943.60
1782,12,1224.00,2898.72
1782,01,2040.48,3690.72
1783,10,2121.00,3266.00
1783,11,1663.00,3265.00
1783,12,753.60,3213.60
1784,10,2289.60,3154.80
1784,11,1816.13,3138.05
1784,12,934.56,3087.36
1785,10,2565.00,2983.00
1785,11,2063.52,2949.12
1785,12,1215.36,2904.48
1786,10,2275.20,3333.60
1786,11,1810.08,3312.00
1786,12,907.20,3258.72
1787,10,2264.40,2984.40
1787,11,1790.40,2978.40
1787,12,929.00,2937.00
1788,10,2316.00,3357.00
1788,11,1850.00,3330.00
1789,10,2762.04,3033.26
1789,11,2239.49,2973.54
1790,10,2520.00,2985.12
1790,11,2030.47,2956.12
1790,12,1176.48,2911.34
1791,10,2489.00,3385.00
1791,11,2008.00,3336.00
1791,12,1113.00,3279.00
1792,10,2763.60,3034.80
1792,11,2244.00,2979.00
1793,10,2549.00,3322.00
1793,11,2058.00,3268.00
1794,10,2561.00,2986.00
1794,11,2062.80,2952.00
1794,12,1214.78,2908.22
1794,01,2028.96,3702.24
1795,10,2536.00,3322.00
1795,11,2047.00,3269.00
1796,10,2486.00,3386.00
1796,11,2005.00,3337.00
1797,10,2749.59,3033.68
1797,11,2233.00,2980.00
1797,12,1378.00,2932.00
1798,10,2630.00,3019.00
1798,11,2125.00,2977.00
1799,10,2326.00,3270.00
1799,11,1852.80,3243.60
1799,12,958.80,3186.00
1800,10,2733.00,3037.00
1800,11,2217.00,2983.00
1801,10,2547.60,3318.00
1801,11,2078.40,3266.40
1802,10,2233.00,3144.00
1802,11,1764.00,3134.88
1802,12,879.60,3084.00
1802,02,1205.28,3864.96
1803,10,2624.00,3142.00
1803,11,2122.00,3092.00
1804,10,2332.00,2334.00
1804,11,1826.40,2352.00
1804,12,1038.00,2308.80
1804,00,2419.20,3430.80
1805,10,2332.80,2332.80
1805,11,1827.00,2349.00
1805,12,1039.20,2305.20
1805,00,2418.65,3428.91
1805,01,1757.00,3013.00
1806,10,2585.00,1811.00
1806,11,2010.00,1849.00
1807,10,2242.00,3036.00
1807,11,1770.00,3032.40
1807,12,898.00,2989.00
1807,02,1265.76,3754.08
1808,10,2262.00,3273.00
1808,11,1943.00,3267.00
1809,10,2196.00,2489.76
1809,11,1713.96,2508.23
1809,12,904.75,2460.45
1809,00,2289.60,3633.98
1810,10,2518.56,2989.44
1810,11,2023.20,2959.20
1811,10,2290.00,3137.00
1811,11,1816.80,3121.20
1811,12,937.20,3070.80
1811,01,1746.72,3909.60
1812,10,2521.00,3319.00
1812,11,2032.00,3268.00
1812,00,2459.29,3674.42
1813,10,2356.44,3272.14
1813,11,1878.68,3247.26
1813,12,985.37,3187.54
1814,10,2647.00,3132.00
1814,11,2141.00,3080.00
1815,10,2600.40,3039.60
1815,11,2098.48,2998.43
1815,12,1246.23,2952.81
1815,02,1575.11,3667.78
1816,10,2854.80,2308.80
1816,11,2282.40,2293.92
1816,12,1494.72,2266.56
1816,01,2234.40,2931.60
1816,02,1733.76,2874.24
1817,10,2563.00,2989.00
1817,11,2063.00,2955.00
1818,10,2324.00,2303.00
1818,11,1911.17,2505.60
1818,12,1032.00,2279.00
1819,10,2988.00,1828.00
1819,11,2358.93,1848.32
1819,12,1587.55,1823.94
1820,10,2856.59,2304.18
1820,11,2285.11,2291.33
1820,12,1494.72,2265.41
1821,10,1186.80,716.40
1821,11,625.20,812.40
1822,10,2486.40,3016.80
1822,11,1995.00,2989.00
1823,10,2241.00,2990.00
1823,11,1770.00,2986.00
1824,10,2233.00,3126.00
1824,11,1764.00,3117.00
1825,10,2237.00,3124.00
1825,11,1768.00,3115.00
1826,10,1265.76,2301.12
1826,11,779.04,2394.72
1827,10,1263.00,2301.00
1827,11,775.20,2395.20
1828,10,2515.97,2987.71
1828,11,2021.76,2958.34
1829,10,2527.00,3391.00
1829,11,2042.00,3337.00
1829,12,1149.00,3280.00
1830,10,2560.90,2991.17
1830,11,2057.01,2959.03
1830,12,1209.60,2913.41
1831,10,2505.00,3317.00
1831,11,2077.00,3273.00
1832,10,2547.00,3122.00
1832,11,2052.00,3081.00
1833,10,2343.00,2295.00
1833,11,1834.00,2314.00
1833,12,1050.00,2271.00
1833,02,1285.00,2937.00
1834,10,2449.20,2487.60
1834,11,1800.00,2493.00
1834,00,2399.04,3618.72
1835,10,2553.00,3325.00
1835,11,2062.00,3270.00
1836,10,1191.00,715.00
1836,11,628.00,811.00
1836,00,1212.00,1859.00
1837,10,2356.80,3277.20
1837,11,1881.60,3247.20
1838,10,1261.00,2290.00
1838,11,773.00,2385.00
1839,10,2540.16,3120.48
1839,11,2047.20,3079.20
1840,10,2721.00,2991.00
1840,11,2205.00,2942.00
1841,10,2753.74,1895.27
1841,11,2160.00,1918.08
1841,12,1394.50,1869.70
1841,00,2755.81,2878.16
1842,10,2260.22,3116.62
1842,11,1789.52,3104.18
1843,10,1263.00,2285.00
1843,11,774.00,2381.00
1844,10,2602.37,2991.17
1844,11,2100.00,2954.40
1844,12,1250.40,2910.00
1845,10,2530.00,3394.00
1845,11,2045.00,3339.00
1846,10,2583.60,3334.80
1846,11,2090.00,3276.00
1846,12,1202.40,3213.60
1846,02,1558.08,3981.60
1847,10,2382.00,2490.00
1847,11,1879.20,2497.20
1847,12,1080.00,2460.00
1848,10,2198.00,2489.00
1848,11,1713.00,2509.00
1849,10,2604.00,3046.00
1849,11,2102.00,3004.00
1850,10,2362.00,3313.00
1850,11,1889.00,3282.00
1851,10,2315.00,3350.00
1851,11,1848.00,3324.00
1852,10,2382.00,3281.00
1852,11,1904.00,3248.00
1853,10,2496.00,3314.00
1853,11,2010.00,3266.00
1854,10,2680.00,3017.00
1854,11,2170.00,2971.00
1855,10,1190.00,710.00
1855,11,627.00,807.00
1856,10,2472.00,3016.80
1856,11,1982.00,2990.00
1856,12,1127.00,2944.00
1857,10,2324.00,3283.00
1857,11,1851.00,3257.00
1857,12,957.00,3200.00
1858,10,2250.00,2492.40
1858,11,1760.40,2509.20
1858,12,953.00,2471.00
1859,10,2315.00,3102.00
1859,11,1840.00,3086.00
1860,10,2678.00,3101.00
1860,11,2169.00,3049.00
1860,01,2148.00,3811.20
1861,10,2275.00,2497.00
1861,11,1784.00,2512.00
1862,10,2364.00,2497.00
1862,11,1864.00,2504.00
1862,12,1063.00,2468.00
1863,10,2415.00,3285.00
1863,11,1935.00,3248.00
1863,12,1045.20,3188.40
1863,02,1388.16,3970.08
1864,10,2288.00,3100.00
1864,11,1814.40,3086.40
1864,12,939.60,3038.40
1864,02,1262.88,3804.48
1865,10,2314.80,3097.20
1865,11,1840.00,3082.00
1865,12,967.00,3034.00
1866,10,2398.00,2499.00
1866,11,1895.00,2503.00
1866,12,1095.00,2469.00
1867,10,2713.20,3051.60
1867,11,2201.00,2999.00
1867,01,2184.00,3754.00
1868,10,2276.00,3337.00
1868,11,1811.00,3316.00
1869,10,2568.00,2995.20
1869,11,2067.60,2959.20
1869,12,1218.00,2914.80
1869,01,2036.16,3710.88
1870,10,2502.00,3310.80
1870,11,2016.00,3261.60
1871,10,2453.00,3096.00
1871,11,1965.00,3065.00
1871,12,1099.00,3014.00
1872,10,2264.00,3096.00
1872,11,1793.00,3117.00
1873,10,2717.00,3055.00
1873,11,2205.00,3003.00
1873,12,1349.00,2956.00
1874,10,2365.63,3290.11
1874,11,1891.20,3259.20
1874,12,998.40,3201.60
1875,10,2287.00,3345.00
1875,11,1821.00,3322.00
1876,10,2306.88,2280.96
1876,11,2010.24,3260.16
1876,00,2382.91,3364.42
1877,10,2457.00,3094.00
1877,11,1969.92,3064.32
1877,12,1105.00,3012.00
1877,02,1432.00,3756.00
1878,10,2449.00,3308.00
1878,11,1967.00,3267.00
1879,10,2345.76,2502.72
1879,11,1847.52,2509.92
1880,10,2381.00,2503.00
1880,11,1879.20,2509.20
1880,12,1077.60,2474.40
1881,10,2383.20,2501.28
1881,11,1882.08,2507.04
1881,12,1081.44,2471.04
1882,10,1292.40,2034.00
1882,11,794.88,2120.26
1882,00,1265.76,3084.48
1883,10,2655.36,643.68
1883,11,2020.03,774.14
1883,12,1346.11,763.78
1884,10,1286.40,2190.00
1884,11,794.88,2279.23
1884,00,1254.00,3262.80
1885,10,2432.00,2506.00
1885,11,1925.28,2507.04
1885,12,1126.08,2473.92
1886,10,1261.58,2187.23
1886,11,768.89,2279.30
1887,10,2606.52,2996.35
1887,11,2102.63,2956.95
1887,12,1252.45,2913.41
1888,10,2272.32,3290.40
1888,11,1804.80,3271.20
1888,12,905.76,3216.96
1889,10,2612.00,3089.00
1889,11,2110.00,3044.00
1890,10,1314.00,2186.00
1890,11,824.40,2274.00
1891,10,2443.00,3079.00
1891,11,1954.00,3050.00
1892,10,1293.12,2040.48
1892,11,796.32,2126.88
1893,10,1275.00,2043.00
1893,11,777.60,2131.20
1894,10,1274.00,2182.00
1894,11,781.00,2273.00
1894,01,631.20,2940.00
1895,10,1318.00,2045.00
1895,11,826.12,2130.00
1895,00,1293.00,3095.00
1896,10,1275.26,2180.74
1896,11,782.78,2270.59
1897,10,2671.20,3012.00
1897,11,2162.40,2967.60
1898,10,1318.00,2045.00
1898,11,827.12,2129.01
1898,01,686.78,2785.92
1899,10,2448.58,3291.84
1899,11,1965.77,3249.75
1899,12,1074.95,3190.03
1900,10,2478.00,3062.00
1900,11,1989.00,3031.00
1901,10,2487.00,3063.00
1901,11,1997.00,3032.00
1902,10,2638.00,3086.00
1902,11,2132.00,3038.00
1903,10,2578.00,3407.00
1903,11,2089.00,3346.00
1904,10,2565.00,3000.00
1904,11,2066.00,2966.00
1905,10,1215.00,2171.00
1905,11,718.00,2265.00
1905,00,1177.00,3244.00
1906,10,2733.00,3096.00
1906,11,2218.00,3039.00
1907,10,2330.73,3344.72
1907,11,1863.36,3316.32
1907,12,964.80,3261.60
1908,10,2364.00,3294.00
1908,11,1887.84,3263.04
1908,12,995.04,3205.44
1909,10,1282.78,2157.08
1909,11,791.88,2246.66
1910,10,1274.00,2056.00
1910,11,777.60,2144.16
1910,00,1245.00,3113.00
1911,10,1262.00,2156.00
1911,11,768.00,2246.00
1912,10,2638.66,2998.08
1912,11,2132.35,2956.61
1912,12,1282.80,2912.40
1912,01,2106.78,3705.52
1913,10,2792.00,2186.00
1913,11,2216.40,2184.00
1913,12,1432.80,2149.20
1913,00,2872.80,3220.80
1914,10,2451.00,3295.00
1914,11,1968.00,3253.00
1915,10,1238.40,2148.48
1915,11,743.04,2240.64
1916,10,2647.20,3082.80
1916,11,2141.00,3035.00
1917,10,1340.40,2146.80
1917,11,850.80,2232.00
1918,10,2728.80,3011.04
1918,11,2213.00,2961.00
1918,12,1362.00,2915.00
1919,10,2621.00,3002.00
1919,11,2116.00,2962.00
1920,10,2450.00,3304.00
1920,11,1852.00,3253.00
1921,10,1288.00,2142.00
1921,11,795.60,2230.80
1921,00,1256.00,3208.00
1922,10,1286.00,2142.00
1922,11,793.00,2231.00
1923,10,1278.00,2098.00
1923,11,783.00,2187.00
1924,10,1290.82,2097.79
1924,11,794.88,2185.92
1925,10,2318.40,3081.60
1925,11,1842.00,3066.00
1926,10,1249.92,2105.28
1926,11,751.68,2196.00
1927,10,2323.00,3094.00
1927,11,1847.00,3078.00
1928,10,2362.80,2502.00
1928,11,1863.00,2509.00
1928,12,1062.00,2473.00
1929,10,1310.40,2129.76
1929,11,817.92,2216.16
1930,10,1334.00,2107.00
1930,11,842.00,2193.00
1931,10,2243.00,3007.00
1931,11,1772.00,3002.00
1931,12,905.00,2959.00
1931,01,1702.80,3772.80
1932,10,1270.08,2108.16
1932,11,775.00,2197.00
1932,00,1238.98,3167.42
1933,10,1271.52,2108.16
1933,11,776.16,2197.44
1934,10,2404.80,3300.48
1934,11,1926.72,3264.48
1935,10,2430.26,3004.65
1935,11,1942.96,2981.84
1935,12,1085.76,2936.16
1936,10,2566.00,3007.00
1936,11,2068.00,2971.00
1937,10,2614.46,3074.11
1937,11,2111.62,3029.18
1937,12,1252.80,2979.07
1938,10,1287.36,2111.04
1938,11,792.00,2200.32
1939,10,2698.00,3004.00
1939,11,2185.00,2956.00
1939,12,1335.00,2911.00
1940,10,2625.00,3341.00
1940,11,2125.00,3277.00
1941,10,2431.20,3074.40
1941,11,1944.00,3046.80
1941,12,1079.00,2994.00
1941,02,1402.00,3737.00
1942,10,2652.00,668.00
1942,11,2017.44,796.32
1942,12,1342.08,784.80
1943,10,1303.20,2130.00
1943,11,811.20,2217.60
1944,10,1827.42,573.31
1944,11,1258.80,686.40
1944,00,1752.77,1734.86
1945,10,2676.00,3422.00
1945,11,2177.00,3349.00
1946,10,2517.00,1764.00
1946,11,1949.00,1808.00
1947,10,2253.00,2518.00
1947,11,1766.00,2532.00
1948,10,2582.40,3024.00
1948,11,2082.24,2985.98
1948,12,1230.34,2939.33
1949,10,2723.00,3003.00
1949,11,2207.00,2953.00
1950,10,2483.14,3082.75
1950,11,1992.00,3051.60
1950,12,1129.00,2998.00
1950,01,1945.44,3817.44
1950,02,1456.00,3736.00
1951,10,2647.00,3019.00
1951,11,2140.80,2974.80
1951,12,1289.00,2931.00
1951,01,2116.80,3726.72
1951,02,1617.00,3638.00
1952,10,2680.80,3423.60
1952,11,2181.00,3350.00
1953,10,2515.68,3035.52
1953,11,2020.52,3000.91
1953,12,1164.96,2954.88
1953,01,1982.69,3759.35
1953,02,1489.54,3680.64
1954,10,2354.00,3364.00
1954,11,1884.00,3332.00
1955,10,2596.00,1782.00
1955,11,2017.00,1822.00
1955,12,1267.00,1765.00
1955,00,2581.00,2770.00
1956,10,2723.00,3001.00
1956,11,2206.66,2951.42
1956,12,1354.75,2904.77
1956,02,1683.07,3599.42
1957,10,2337.12,2332.80
1957,11,1831.00,2350.00
1957,12,1044.00,2307.00
1957,00,2424.38,3428.35
1958,10,2548.80,2988.00
1958,11,2051.00,2955.00
1959,10,1057.20,860.40
1959,11,496.80,952.80
1959,01,452.00,1669.00
1960,10,2236.00,2512.00
1960,11,1749.60,2528.64
1960,12,940.32,2488.32
1961,10,2729.69,3083.03
1961,11,2214.41,3027.79
1961,12,1354.44,2977.62
1962,10,1772.40,654.00
1962,11,1207.20,765.60
1962,12,507.62,592.22
1962,01,1116.00,1496.40
1963,10,2585.78,1793.66
1963,11,2009.32,1826.84
1963,12,1257.98,1774.66
1963,00,2573.34,2782.77
1963,02,1425.60,2404.80
1964,10,2366.00,2477.00
1964,11,1865.00,2484.00
1964,12,1066.00,2447.00
1965,10,2647.30,3086.21
1965,11,2140.99,3037.82
1966,10,2581.00,2981.00
1966,11,2079.00,2946.00
1967,10,2520.00,3061.00
1967,11,2027.00,3027.00
1968,10,2364.00,2348.40
1968,11,1856.40,2361.60
1969,10,2603.00,3405.00
1969,11,2111.00,3342.00
1970,10,2726.00,3089.00
1970,11,2211.00,3032.00
1971,10,2416.00,3061.00
1971,11,1930.00,3035.00
1972,10,1271.00,2344.00
1972,11,785.00,2438.00
1973,10,2218.80,2454.00
1973,11,1730.00,2474.00
1973,01,1748.00,3910.00
1974,10,2629.44,3143.52
1974,11,2125.20,3091.20
1975,10,2598.00,1818.00
1975,11,2019.60,1854.00
1976,10,2600.00,1824.00
1976,11,2021.76,1861.06
1976,12,1268.35,1804.03
1976,02,1437.70,2433.02
1977,10,2614.00,3337.00
1977,11,2040.00,3268.00
1978,10,1183.00,711.00
1978,11,621.00,808.00
1979,10,2350.80,3289.20
1979,11,1877.76,3260.16
1979,12,983.23,3201.98
1980,10,1928.16,596.16
1980,11,1352.16,714.24
1981,10,2584.80,2979.36
1981,11,2082.24,2943.36
1981,12,1232.64,2897.28
1982,10,2579.00,2979.00
1982,11,2079.36,2943.36
1982,12,1229.76,2898.72
1982,02,1551.74,3608.06
1983,10,2141.28,2223.36
1983,11,1650.00,2259.00
1983,12,860.40,2206.80
1984,10,2524.00,3400.00
1984,11,2041.00,3346.00
1985,10,2626.56,3335.04
1985,11,2127.17,3271.10
1985,12,1240.70,3208.90
1986,10,1312.80,2223.60
1986,11,825.00,2312.00
1986,01,675.00,2982.00
1987,10,1252.80,2305.20
1987,11,764.40,2400.00
1988,10,2343.00,2261.00
1988,11,1832.00,2282.00
1989,10,1959.84,639.36
1989,11,1385.86,755.14
1989,12,705.02,620.35
1989,00,1868.40,1783.20
1990,10,2382.00,2497.00
1990,11,1880.00,2503.00
1990,12,1078.80,2467.20
1990,00,2499.60,3638.40
1990,02,1339.20,3146.40
1991,10,2565.46,2968.57
1991,11,2065.31,2936.22
1991,12,1216.79,2891.43
1992,10,2569.00,3405.00
1992,11,2081.00,3345.00
1992,12,1187.00,3288.00
1993,10,2195.00,3101.00
1993,11,1728.00,3097.00
1994,10,2649.00,3028.00
1994,11,2140.99,2982.53
1994,12,1290.00,2938.00
1994,02,1618.80,3645.60
1995,10,2984.00,1836.00
1995,11,2356.00,1855.00
1996,10,2793.00,2299.00
1996,11,2231.00,2290.00
1997,10,2870.40,1957.20
1997,11,2268.00,1970.40
1997,12,1496.00,1940.00
1997,01,2167.20,2569.20
1998,10,1978.56,619.20
1998,11,1402.56,737.28
1998,12,722.88,604.80
1998,00,1882.80,1767.60
1999,10,2366.00,3276.00
1999,11,1890.00,3246.00
1999,12,999.00,3186.00
1999,02,1339.00,3973.00
2000,10,2704.80,3046.80
2000,11,2191.68,2995.20
2000,12,1336.80,2948.40
2000,01,2175.55,3748.03
2001,10,2538.09,3106.25
2001,11,2040.42,3065.61
2001,12,1178.50,3013.63
2001,01,2006.58,3836.99
2001,02,1513.73,3749.07
2002,10,2942.78,2263.68
2002,11,2355.84,2249.28
2002,01,2299.68,2880.00
2003,10,2349.00,2293.00
2003,11,1839.00,2312.00
2004,10,2345.00,2268.00
2004,11,1835.00,2287.00
2004,12,1053.00,2243.00
2005,10,2551.00,3394.00
2005,11,2066.40,3336.00
2005,12,1173.60,3278.40
2006,10,2544.00,3109.00
2006,11,2048.00,3069.00
2007,10,2549.00,3109.00
2007,11,2053.00,3068.00
2007,12,1187.00,3015.00
2008,10,2218.00,2491.00
2008,11,1732.00,2510.00
2009,10,1962.72,633.60
2009,11,1388.16,750.24
2009,12,707.04,616.32
2010,10,2548.80,2991.60
2010,11,2053.44,2959.20
2010,12,1202.40,2914.56
2010,02,1524.96,3630.24
2011,10,2563.00,2971.00
2011,11,2063.00,2937.00
2011,12,1215.00,2893.00
2012,10,2542.80,3114.00
2012,11,2047.00,3074.00
2013,10,2356.00,3350.00
2013,11,1885.00,3319.00
2014,10,1183.00,509.00
2014,11,617.00,737.00
2015,10,2859.00,1927.00
2015,11,2256.00,1944.00
2016,10,2271.00,2519.00
2016,11,1782.00,2533.00
2016,12,974.00,2494.00
2017,10,2393.00,3280.00
2017,11,1914.00,3246.00
2017,12,1023.00,3186.00
2018,10,2624.40,1858.80
2018,11,2046.00,1891.00
2018,00,2620.80,2846.40
2019,10,2314.00,2263.00
2019,11,1805.00,2286.00
2019,00,2388.00,3343.20
2020,10,1285.63,2088.12
2020,11,792.12,2177.28
2021,10,2314.00,2266.00
2021,11,1805.00,2288.00
2021,00,2390.00,3346.00
2022,10,2521.20,3399.60
2022,11,2037.60,3345.12
2022,12,1143.94,3288.38
2023,10,2493.00,3389.00
2023,11,2013.00,3339.00
2024,10,2121.24,3271.45
2024,11,1662.60,3271.45
2024,12,756.05,3221.28
2025,10,2707.20,2017.44
2025,11,2128.90,2032.13
2025,12,1359.94,1983.74
2025,00,2737.44,3019.68
2026,10,1289.00,2089.00
2026,11,793.00,2178.00
2027,10,2498.00,3037.00
2027,11,2006.00,3006.00
2028,10,1919.00,397.00
2028,11,1335.00,526.00
2029,10,2195.00,3095.00
2029,11,1728.00,3091.00
2030,10,2655.94,3143.23
2030,11,2151.36,3090.24
2031,10,1306.00,2121.00
2031,11,813.00,2209.00
2032,10,2575.41,2983.50
2032,11,2075.04,2949.12
2032,12,1226.74,2903.87
2032,01,2042.50,3696.19
2033,10,2330.00,3359.00
2033,11,1862.00,3330.00
2033,12,962.00,3278.00
2034,10,2759.00,3027.00
2034,11,2241.00,2973.00
2035,10,2745.00,2371.00
2035,11,2190.00,2358.00
2036,10,2684.00,3434.00
2036,11,2184.00,3358.80
2036,12,1291.20,3298.80
2037,10,2599.00,1821.00
2037,11,2021.00,1857.00
2038,10,2663.00,3419.00
2038,11,2165.00,3347.00
2039,10,2306.88,3339.36
2039,11,1840.32,3313.44
2039,12,940.32,3260.16
2040,10,1950.00,453.60
2040,11,1366.80,580.80
2040,00,1850.00,1644.00
2041,10,2652.00,3020.00
2041,11,2145.00,2975.00
2041,12,1293.00,2931.00
2041,01,2122.80,3728.40
2041,02,1622.00,3638.00
2042,10,2721.00,3093.00
2042,11,2207.00,3037.00
2042,12,1347.00,2987.00
2042,02,1683.00,3697.00
2043,10,2811.60,3171.60
2043,11,2288.40,3100.80
2043,01,2282.40,3867.60
2044,10,2335.20,2320.80
2044,11,1829.95,2337.98
2044,12,1041.98,2294.78
2045,10,2454.00,3094.80
2045,11,1966.80,3064.80
2046,10,2757.06,3038.24
2046,11,2239.49,2983.91
2047,10,2631.74,3017.09
2047,11,2126.88,2975.04
2047,12,1274.00,2930.00
2047,02,1601.00,3639.00
2048,10,2270.88,3301.92
2048,11,1804.32,3281.76
2048,12,904.32,3228.48
2049,10,2244.00,2917.20
2049,11,1772.00,2916.00
2049,12,917.57,2878.85
2049,01,1708.80,3674.40
2049,02,1225.15,3621.89
2050,10,2450.40,3297.60
2050,11,1968.00,3255.60
2051,10,2728.80,3097.20
2051,11,2214.00,3040.80
2052,10,2423.52,3042.72
2052,11,1938.82,3018.82
2052,01,1886.98,3782.25
2053,10,2293.24,2926.27
2053,11,1816.47,2921.29
2054,10,2257.92,3093.12
2054,11,1786.80,3115.20
2054,12,910.80,3036.00
2055,10,2491.20,3307.20
2055,11,2005.20,3260.40
2056,10,2324.40,3282.00
2056,11,1852.80,3256.80
2056,12,957.60,3198.24
2057,10,2289.60,2964.00
2057,11,1814.40,2956.80
2057,01,1753.92,3719.52
2058,10,2353.20,3278.40
2058,11,1878.00,3248.40
2059,10,2353.54,3274.21
2059,11,1878.68,3243.11
2060,10,2260.80,3081.60
2060,11,1790.40,3072.00
2061,10,2326.80,3273.60
2061,11,1852.80,3247.20
2061,12,958.80,3189.60
2061,02,1297.44,3980.16
2062,10,2327.04,2285.28
2062,11,1819.00,2306.00
2062,12,1035.00,2261.00
2063,10,2258.40,3127.20
2063,11,1787.00,3085.00
2064,10,2445.12,3081.60
2064,11,1958.40,3052.80
2065,10,2263.20,3273.60
2065,11,1795.20,3254.40
2066,10,2265.12,3094.56
2066,11,1795.20,2929.20
2067,10,2334.00,3349.20
2067,11,1866.00,3320.40
2067,12,967.20,3267.60
2068,10,2288.40,3350.40
2068,11,1824.00,3326.40
2069,10,2645.57,3131.14
2069,11,2139.84,3080.16
2070,10,2303.42,3265.92
2070,11,1831.68,3243.46
2070,12,936.58,3186.43
2071,10,1260.00,2190.00
2071,11,768.00,2280.00
2072,10,2300.40,3260.70
2072,11,1827.42,3239.20
2072,12,1238.40,3277.44
2072,02,1270.08,3974.40
2073,10,2341.20,3354.00
2073,11,1872.00,3325.00
2073,12,972.00,3271.00
2074,10,2572.80,3022.80
2074,11,2073.00,2985.00
2075,10,2675.52,3009.60
2075,11,2164.80,2964.00
2076,10,2334.00,3356.40
2076,11,1866.00,3326.40
2077,10,1209.60,2170.08
2077,11,712.80,2265.12
2078,10,1284.48,2160.00
2078,11,790.56,2249.28
2079,10,1308.44,2156.54
2079,11,819.07,2243.64
2079,00,1279.00,3222.38
2080,10,2698.56,3006.72
2080,11,2184.48,2959.20
2081,10,2213.28,2460.96
2081,11,1726.80,2481.60
2081,12,920.40,2438.40
2081,00,2306.88,3594.24
2081,02,1176.00,3135.60
2082,10,1277.28,2151.36
2082,11,784.80,2240.64
2083,10,1285.20,2148.00
2083,11,790.80,2236.80
2084,10,1251.07,2146.18
2084,11,755.14,2237.76
2085,10,2346.00,2466.00
2085,11,1846.80,2476.80
2086,10,2220.00,2467.20
2086,11,1846.80,2482.80
2086,00,2314.80,3600.00
2087,10,2242.80,3006.00
2087,11,1771.20,3001.20
2088,10,1286.40,2140.80
2088,11,793.20,2228.40
2089,10,1290.24,2139.84
2089,11,796.32,2229.12
2089,00,1258.56,3204.00
2090,10,2180.40,2470.80
2090,11,1696.90,2491.78
2090,12,886.46,2448.58
2090,01,1621.56,3180.90
2090,02,1143.94,3150.14
2091,10,2182.46,2472.77
2091,11,1698.62,2495.23
2092,10,2613.60,3139.20
2092,11,2110.80,3090.00
2093,10,1269.04,2129.59
2093,11,773.87,2219.58
2094,10,2622.00,3003.60
2094,11,2116.80,2962.80
2095,10,1290.00,2125.20
2095,11,795.60,2214.00
2096,10,2401.20,2475.60
2096,11,1896.00,2480.40
2096,12,1098.00,2444.40
2096,00,2517.60,3609.60
2096,02,1356.00,3118.80
2097,10,2465.86,3070.66
2097,11,1975.68,3041.28
2098,10,846.03,2475.88
2098,11,335.92,2614.81
2098,00,761.43,3650.37
2099,10,2635.20,3019.68
2099,11,2129.76,2977.92
2099,12,1277.28,2931.84
2099,01,2106.72,3729.60
2100,10,1252.80,2121.60
2100,11,757.20,2212.80
2101,10,2643.60,3001.20
2101,11,2137.97,2959.11
2101,12,1286.96,2914.32
2102,10,1307.52,2108.16
2102,11,813.60,2196.00
2103,10,2382.00,2484.00
2103,11,1879.20,2490.00
2103,12,1080.00,2454.00
2103,01,1820.16,3175.20
2104,10,2556.00,2985.60
2104,11,2057.00,2952.00
2105,10,1271.12,2040.42
2105,11,775.53,2129.59
2106,10,2704.80,3015.60
2106,11,2191.20,2966.40
2107,10,2240.40,2997.60
2107,11,1769.76,2995.20
2107,01,1700.35,3763.58
2108,10,2559.60,2996.40
2108,11,2061.60,2961.60
2109,10,2277.60,2499.60
2109,11,1786.80,2512.80
2110,10,2361.60,2499.60
2110,11,1862.00,2507.00
2110,12,1060.00,2471.00
2111,10,2366.40,2500.80
2111,11,1866.00,2506.80
2111,12,1064.40,2470.80
2112,10,2396.16,2501.28
2112,11,1892.16,2505.60
2112,12,1092.10,2471.04
2113,10,2435.04,2502.72
2113,11,1927.20,2504.40
2113,12,1128.00,2472.00
2114,10,2316.96,3091.68
2114,11,1841.76,3075.84
2115,10,2242.80,3046.80
2115,11,1770.00,3037.20
2115,12,898.80,2992.80
2115,01,1699.20,3813.12
2115,02,1215.60,3754.80
2116,10,2298.24,3278.02
2116,11,1827.36,3255.84
2116,12,932.00,3200.00
2116,02,1270.00,3998.00
2117,10,2628.00,3010.80
2117,11,2122.80,2968.80
2117,12,1272.00,2923.20
2117,01,2097.60,3720.00
2118,10,2570.40,2979.36
2118,11,2068.80,2944.80
2118,12,1220.40,2900.40
2118,02,1540.80,3611.52
2119,10,2313.60,3352.80
2119,11,1846.80,3326.40
2120,10,2125.20,3265.20
2120,11,1664.40,3262.80
2120,12,756.00,3211.20
2121,10,2449.20,3082.80
2121,11,1962.00,3054.00
2121,01,1914.00,3824.40
2122,10,2619.60,3044.40
2122,11,2116.80,3002.40
2123,10,2718.00,2990.40
2123,11,2200.80,2941.20
2124,10,2584.80,1808.64
2124,11,2008.80,1846.08
2125,10,2667.60,3012.00
2125,11,2160.00,2967.60
2126,10,2383.20,3367.20
2126,11,1910.40,3332.40
2127,10,2480.86,3080.54
2127,11,2429.40,197.07
2127,12,1126.66,2994.62
2128,10,2326.80,3009.60
2128,11,1847.00,2996.00
2129,10,2474.40,3098.40
2129,11,1985.76,3065.76
2129,12,1120.32,3013.92
2130,10,2616.00,3333.60
2130,11,2118.00,3271.20
2130,12,1232.40,3207.60
2130,02,1588.32,3970.08
2131,10,2324.40,2304.00
2131,11,1817.86,2322.43
2131,12,1033.34,2279.23
2131,00,2406.24,3394.08
2132,10,2484.00,3385.20
2132,11,2004.00,3336.00
2132,12,1108.80,3280.80
2133,10,1246.80,2138.40
2133,11,751.20,2229.60
2133,00,1211.04,3204.00
2134,10,2341.44,2498.40
2134,11,1843.20,2507.04
2134,12,1042.56,2472.48
2134,01,1782.72,3196.80
2135,10,2588.40,3331.20
2135,11,2094.00,3272.40
2136,10,2578.80,3331.20
2136,11,2084.40,3273.60
2137,10,1274.02,2329.07
2137,11,786.31,2423.62
2138,10,2568.00,3001.20
2138,11,2068.80,2965.20
2138,12,1218.00,2920.00
2138,02,1540.80,3633.60
2139,10,2570.40,3396.00
2139,11,2082.00,3336.00
2139,12,1189.20,3278.40
2140,10,2727.60,3027.60
2140,11,2211.00,2976.00
2141,10,2622.00,3145.20
2141,11,2119.00,3094.00
2142,10,2542.80,3052.80
2142,11,2047.20,3016.80
2143,10,1280.16,2098.08
2143,11,784.80,2186.40
2143,00,1251.07,3155.33
2144,10,2625.60,3147.60
2144,11,2121.60,3096.00
2145,10,2530.80,3045.60
2145,11,2035.20,3010.80
2145,01,1997.28,3771.36
2146,10,2629.20,3147.60
2146,11,2125.00,3096.00
2147,10,2284.80,3277.20
2147,11,1815.60,3255.60
2147,12,919.00,3199.00
2147,02,1257.00,3999.00
2148,10,2540.40,3121.20
2148,11,2046.00,3081.00
2149,10,2178.72,2489.76
2149,11,1697.76,2512.80
2149,12,884.16,2469.60
2149,00,2272.32,3633.98
2150,10,1256.40,2222.40
2150,11,764.40,2314.80
2151,10,2289.60,3052.80
2151,11,1815.60,3042.00
2152,10,2515.97,751.68
2152,11,1902.53,870.91
2152,12,1225.15,836.35
2153,10,2621.38,3338.50
2153,11,2123.71,3274.56
2154,10,2322.00,2299.20
2154,11,1815.60,2318.40
2154,12,1030.80,2272.80
2154,00,2403.36,3386.88
2155,10,2580.00,2979.60
2155,11,2078.40,2943.60
2155,12,1230.00,2899.20
2156,10,2887.20,1980.00
2156,11,2282.40,1990.80
2157,10,2547.60,3060.00
2157,11,2050.80,3022.80
2158,10,2318.40,3025.20
2158,11,1842.00,3012.00
2159,10,1183.20,675.60
2159,11,610.80,607.20
2160,10,2260.80,3330.00
2160,11,1816.00,3239.00
2161,10,2580.00,3325.20
2161,11,2085.60,3267.60
2162,10,2121.60,3258.00
2162,11,1663.20,3256.80
2162,12,754.56,3204.00
2163,10,2236.80,3037.20
2163,11,1766.02,3030.91
2163,12,895.20,2988.00
2163,02,1212.48,3749.76
2164,10,1308.00,2113.20
2164,11,814.80,2199.60
2165,10,2714.40,2990.40
2165,11,2198.00,2941.00
2165,12,1348.00,2895.00
2166,10,2928.00,1930.80
2166,11,2312.00,1944.00
2166,01,2202.00,2534.00
2167,10,2773.44,1889.28
2167,11,2175.60,1911.60
2167,12,1411.20,1864.80
2168,10,2278.08,2455.20
2168,11,1784.00,2472.00
2168,00,2377.73,3587.33
2168,01,1716.00,3156.00
2169,10,2382.00,3296.40
2169,11,1905.60,3262.80
2170,10,2749.20,3016.80
2170,11,2230.85,2963.52
2170,01,2216.68,3709.67
2171,10,2424.04,3288.73
2171,11,1944.00,3250.08
2171,12,1054.08,3191.04
2172,10,2485.20,3378.00
2172,11,2004.48,3329.28
2172,12,1110.24,3273.12
2173,10,2476.80,3064.32
2173,11,1987.20,3033.60
2174,10,2589.60,3326.40
2174,11,2095.00,3268.00
2175,10,2452.32,3088.80
2175,11,1964.00,3058.00
2175,12,1099.00,3008.00
2176,10,2324.40,3104.40
2176,11,1849.20,3087.60
2177,10,2648.40,3026.40
2177,11,2142.00,2982.00
2178,10,2486.25,551.58
2178,11,1863.75,686.78
2178,00,2317.25,1700.35
2179,10,2568.00,3021.60
2179,11,2069.00,2985.00
2180,10,2647.30,644.54
2180,11,2013.60,776.40
2180,12,1339.20,764.40
2180,02,1388.00,1480.00
2181,10,1276.99,2223.94
2181,11,785.89,2316.21
2182,10,2445.12,2040.77
2182,11,1912.32,2069.28
2182,12,1153.44,2033.28
2182,00,2496.61,3085.52
2182,01,1834.56,2701.44
2183,10,2621.38,3039.55
2183,11,2118.53,2996.35
2183,12,1263.17,2949.70
2183,01,2092.26,3751.14
2184,10,2547.36,3124.80
2184,11,2053.20,3084.00
2185,10,2647.30,1743.55
2185,11,2059.20,1784.40
2185,12,1310.40,1732.80
2186,10,1282.78,2189.32
2186,11,791.29,2278.31
2186,01,641.99,2947.17
2187,10,2804.54,2299.97
2187,11,2240.64,2291.04
2188,10,2478.37,546.44
2188,11,1859.33,680.83
2188,12,1195.78,642.82
2188,00,2309.16,1694.55
2189,10,2442.24,3016.80
2189,11,1953.60,2991.60
2190,10,2612.16,2999.52
2190,11,2108.40,2960.40
2191,10,2239.20,2468.16
2191,11,1749.60,2485.20
2192,10,1318.81,2054.94
2192,11,825.29,2139.96
2193,10,1248.00,2121.60
2193,11,752.40,2212.80
2194,10,2671.20,2149.20
2194,11,2110.00,2157.00
2195,10,1277.28,2328.48
2195,11,792.00,2422.08
2196,10,1800.00,594.00
2196,11,1229.76,707.04
2196,12,539.14,537.41
2196,02,656.64,1404.00
2197,10,2570.40,3406.80
2197,11,2082.00,3346.80
2198,10,2694.24,3427.20
2198,11,2193.60,3350.40
2198,12,1300.80,3290.40
2199,10,1183.20,583.20
2199,11,618.00,753.60
2199,01,573.00,872.00
2200,10,2560.48,3068.10
2200,11,2061.16,3029.53
2201,10,2452.80,2038.80
2201,11,1920.00,2068.00
2202,10,2914.80,504.00
2202,11,2233.00,655.00
2202,12,1555.20,676.80
2202,01,2032.00,1365.00
2202,02,1568.16,1375.20
2203,10,2192.40,2220.00
2203,11,1698.00,2252.40
2204,10,2738.40,3088.80
2204,11,2223.00,3031.00
2205,10,2300.40,2526.00
2205,11,1808.00,2536.00
2206,10,2290.80,3336.00
2206,11,1884.00,3318.00
2207,10,2521.44,3123.36
2207,11,2029.20,3084.00
2208,10,2683.20,3433.20
2208,11,2184.00,3358.80
2209,10,1918.08,461.38
2209,11,1335.60,586.80
2209,01,1230.00,1344.00
2210,10,2367.36,2350.08
2210,11,1859.04,2363.04
2211,10,2937.60,1934.40
2211,11,2320.00,1946.00
2212,10,2870.00,1963.00
2212,11,2268.00,1976.00
2212,00,2898.00,2959.20
2213,10,1920.15,597.20
2213,11,1345.77,713.32
2214,10,2662.80,3147.60
2214,11,2156.00,3094.00
2215,10,2418.65,3053.17
2215,11,1933.43,3028.29
2216,10,2655.60,3021.60
2216,11,2146.92,2974.04
2216,12,1293.93,2928.75
2216,02,1622.39,3632.95
2217,10,2598.91,1829.95
2217,11,2023.00,1867.00
2217,01,1908.00,2465.00
2218,10,2440.80,2034.00
2218,11,1909.00,2065.00
2218,12,1151.00,2028.00
2219,10,2585.78,2973.54
2219,11,2082.00,2937.60
2219,12,1233.79,2892.67
2219,01,2050.80,3684.00
2220,10,2326.80,2322.00
2220,11,1801.96,2500.76
2220,12,997.40,2461.36
2220,00,2577.90,3632.95
2221,10,2286.72,3261.60
2221,11,1815.84,3240.00
2222,10,2387.52,3283.20
2222,11,1909.00,3248.00
2222,12,1018.00,3189.00
2223,10,2450.88,2504.16
2223,11,1800.55,2508.23
2223,00,2579.90,3644.35
2223,01,1734.26,3196.20
2224,10,2753.28,3049.92
2224,11,2235.60,2994.00
2225,10,2520.00,3049.92
2225,11,2027.52,3016.80
2226,10,1285.63,2182.46
2226,11,793.15,2272.32
2227,10,2892.67,607.56
2227,11,2220.48,748.22
2227,01,2026.08,1448.64
2228,10,2640.38,3086.21
2228,11,2135.52,3038.40
2229,10,2738.88,3042.72
2229,11,2221.92,2988.00
2230,10,2449.44,3306.24
2230,11,1968.48,3264.48
2230,12,1078.56,3205.44
2231,10,2489.76,3312.00
2231,11,2004.48,3264.48
2232,10,2198.88,2492.64
2232,11,1713.60,2512.80
2232,12,902.88,2469.60
2233,10,2553.12,3132.00
2233,11,2058.00,3088.80
2234,10,1192.32,714.24
2234,11,629.28,809.28
2235,10,2263.68,3127.68
2235,11,1794.24,3116.16
2236,10,2341.44,2283.84
2236,11,1831.20,2304.00
2236,01,1759.68,2960.64
2237,10,2540.16,3323.52
2237,11,2049.12,3270.24
2238,10,2580.48,3035.52
2238,11,2080.80,2996.64
2239,10,2472.77,3101.76
2239,11,1984.80,3070.80
2239,12,1118.88,3018.24
2239,01,1938.24,3841.92
2240,10,2676.96,3100.32
2240,11,2169.60,3048.00
2240,01,2147.04,3810.24
2241,10,2741.76,3034.08
2241,11,2224.80,2979.36
2241,12,1370.88,2931.84
2241,01,2210.11,3727.30
2241,02,1703.81,3628.80
2242,10,2446.85,2484.86
2242,11,1936.80,2486.88
2243,10,2511.36,2982.24
2243,11,2016.00,2955.60
2243,12,1166.00,2913.00
2243,02,1485.00,3634.00
2244,10,2553.98,2989.44
2244,11,2054.88,2954.88
2244,12,1204.42,2909.95
2244,02,1524.10,3622.58
2245,10,2727.36,3096.00
2245,11,2213.57,3037.82
2245,12,1352.40,2988.00
2245,02,1690.56,3696.48
2246,10,2587.68,3327.84
2246,11,2093.76,3268.80
2247,10,2332.80,2318.98
2247,11,1826.84,2336.95
2247,12,1038.87,2293.40
2248,10,2518.56,1762.56
2248,11,1950.00,1807.20
2249,10,2676.96,3096.00
2249,11,2168.64,3044.16
2250,10,2585.78,1787.44
2250,11,2009.66,1826.50
2250,00,2571.26,2774.48
2251,10,2858.40,1797.12
2251,11,2246.40,1825.20
2252,10,2661.12,1824.48
2252,11,2073.60,1858.80
2253,10,2543.04,2986.56
2253,11,2046.00,2954.40
2254,10,2562.97,2985.98
2254,11,2063.23,2951.42
2255,10,1931.93,3547.35
2255,11,1492.99,3560.79
2255,12,528.52,3523.46
2256,10,2285.28,3060.00
2256,11,1812.00,3049.20
2257,10,2325.60,2318.40
2257,11,1820.40,2337.60
2257,00,2410.56,3411.07
2258,10,2609.28,3087.36
2258,11,2108.16,3042.72
2259,10,1272.96,2054.88
2259,11,775.87,2144.45
2260,10,2328.00,2305.20
2260,11,1820.16,2324.16
2260,00,2410.56,3395.52
2261,10,1291.68,2069.28
2261,11,797.76,2157.12
2262,10,2426.11,3077.57
2262,11,1938.82,3051.65
2262,12,1073.09,2998.08
2263,10,2337.12,3349.44
2263,11,1866.24,3319.20
2263,12,967.68,3265.92
2264,10,2341.44,3349.44
2264,11,1872.00,3319.20
2264,12,973.44,3265.92
2265,10,1288.95,2125.03
2265,11,793.77,2212.12
2266,10,2556.00,2993.76
2266,11,2058.05,2958.34
2266,12,1209.60,2916.00
2266,01,2023.83,3707.60
2267,10,2316.96,3350.88
2267,11,1850.40,3324.96
2268,10,1245.89,2137.54
2268,11,749.95,2229.12
2269,10,2699.33,3012.86
2269,11,2185.74,2965.08
2269,12,1334.88,2920.32
2269,02,1663.20,3620.16
2270,10,2565.04,2996.35
2270,11,2063.23,2961.10
2270,12,1215.13,2917.56
2270,02,1535.29,3632.95
2271,10,1314.72,2188.80
2271,11,825.12,2276.64
2272,10,2567.52,3006.72
2272,11,2067.84,2972.16
2273,10,2512.80,3389.76
2273,11,2028.96,3337.92
2274,10,2533.25,3049.92
2274,11,2039.04,3015.36
2275,10,2185.92,2460.67
2275,11,1698.62,2483.14
2276,10,1145.66,2286.14
2276,11,649.73,2393.28
2277,10,2142.72,2220.48
2277,11,1650.24,2256.48
2277,00,2203.20,3303.94
2278,10,2338.56,2304.00
2278,11,1912.32,2482.56
2278,12,1114.56,2446.56
2279,10,2343.00,2283.00
2279,11,1876.32,2481.12
2279,12,1078.56,2445.12
2279,00,2422.80,3368.40
2279,02,1336.32,3121.92
2280,10,2335.68,2305.44
2280,11,1827.36,2324.16
2281,10,1273.54,2329.34
2281,11,786.24,2426.11
2282,10,2538.43,2985.98
2282,11,2041.92,2954.88
2283,10,2512.80,2986.56
2283,11,2018.88,2956.32
2284,10,2479.68,3061.44
2284,11,1988.64,3029.76
2285,10,2384.64,2479.68
2285,11,1881.17,2487.33
2285,12,1045.44,2260.22
2285,00,2500.76,3614.29
2286,10,2544.31,2983.91
2286,11,2046.64,2950.73
2286,12,1198.54,2907.19
2287,10,2262.24,2983.68
2287,11,1844.40,3022.80
2288,10,2301.12,3346.56
2288,11,1834.56,3320.64
2289,10,2562.62,2982.53
2289,11,2063.23,2947.97
2289,12,1214.78,2903.04
2289,02,1534.46,3616.36
2290,10,2484.86,3388.61
2290,11,2001.02,3338.50
2290,12,1109.38,3283.20
2291,10,2421.14,3060.63
2291,11,1933.43,3035.75
2291,12,1072.05,2985.98
2292,10,2888.94,1983.19
2292,11,2283.03,1994.80
2293,10,2179.77,2468.41
2293,11,1697.03,2490.81
2294,10,2672.64,470.88
2294,11,2026.08,617.76
2295,10,2564.64,2969.28
2295,11,2066.30,2935.22
2295,12,1218.24,2890.08
2295,02,1537.92,3599.42
2296,10,2314.08,2479.68
2296,11,1817.28,2491.20
2296,12,1015.20,2453.76
2297,10,2450.88,2486.88
2297,11,1801.44,2492.64
2297,12,1143.36,2453.76
2298,10,2293.92,2488.32
2298,11,1942.27,2495.23
2298,12,1142.21,2462.40
2298,00,2413.00,3415.00
2299,10,2449.44,2494.08
2299,11,1940.40,2494.80
2299,01,1887.84,3179.52
2300,10,2276.64,2498.40
2300,11,1785.60,2512.80
2301,10,2261.95,2928.96
2301,11,1789.92,2927.52
2301,12,934.56,2890.08
2301,02,1244.16,3633.12
2302,10,2483.15,3060.04
2302,11,1990.66,3030.77
2302,01,1949.85,3795.19
2303,10,2260.39,3084.52
2303,11,1789.10,3073.08
2304,10,2685.60,368.64
2304,11,2030.40,528.00
2304,00,2467.00,1557.00
2305,10,2122.56,3274.56
2305,11,1663.20,3274.56
2305,12,753.12,3224.16
2306,10,2124.00,3264.48
2306,11,1666.08,3263.04
2307,10,1117.44,2712.96
2307,11,640.80,2835.36
2308,10,2266.56,3270.24
2308,11,1798.56,3251.52
2309,10,2532.96,2835.36
2309,11,2035.58,2814.91
2309,12,1209.60,2795.04
2309,02,1522.37,3485.38
2310,10,2651.04,666.72
2310,11,2018.40,796.80
2311,10,2518.56,3058.56
2311,11,2024.64,3024.00
2311,12,1164.96,2976.48
2312,10,2513.20,3112.89
2312,11,2021.76,3075.15
2313,10,1823.84,698.72
2313,11,1258.56,806.40
2313,12,563.04,643.68
2314,10,1911.03,471.79
2314,11,1332.29,597.89
2314,12,659.90,447.90
2314,01,1228.32,1355.04
2314,02,756.45,1311.34
2315,10,2286.07,644.97
2315,11,1690.56,767.52
2315,00,2155.88,1782.63
2316,10,2592.83,1781.64
2316,11,2013.05,1821.45
2317,10,2318.40,3008.16
2317,11,1840.80,2996.40
2318,10,2138.40,2219.04
2318,11,1647.36,2256.48
2319,10,2609.28,3110.40
2319,11,2108.16,3064.32
2320,10,2930.40,2304.00
2320,11,2348.64,2286.72
2320,12,1550.88,2265.12
2320,01,2296.80,2921.76
2321,10,1919.52,596.16
2321,11,1346.40,714.24
2321,12,666.72,568.80
2321,01,1240.80,1450.80
2322,10,2499.84,3041.28
2322,11,2008.80,3009.60
2322,01,1967.04,3772.80
2323,10,2718.72,3055.68
2323,11,2206.08,3002.40
2324,10,2256.48,2521.44
2324,11,1768.32,2535.84
2324,12,959.04,2496.96
2324,00,2362.18,3672.00
2325,10,2606.40,3336.48
2325,11,2109.60,3274.56
2325,12,1222.56,3212.64
2325,02,1579.39,3976.13
2326,10,2743.37,1897.34
2326,11,2148.48,1922.40
2326,12,1385.00,1871.00
2326,01,2033.28,2514.24
2326,02,1557.00,2484.00
2327,10,2561.76,3398.40
2327,11,2075.04,3339.36
2327,12,1182.24,3281.76
2328,10,2324.16,2311.20
2328,11,1818.72,2329.92
2329,10,2291.04,2989.44
2329,11,1815.84,2980.80
2330,10,2467.58,705.02
2330,11,1857.60,826.56
2330,12,1183.68,784.80
2331,10,2727.36,3088.80
2331,11,2212.80,3032.40
2332,10,2311.20,2283.84
2332,11,1805.00,2305.00
2332,12,1020.00,2259.00
2333,10,2861.28,1931.04
2333,11,2258.40,1947.60
2333,01,2155.20,2545.20
2334,10,2593.44,3055.68
2334,11,2092.80,3015.60
2335,10,2842.56,3172.32
2335,11,2315.52,3097.44
2335,12,1446.00,3043.20
2336,10,2400.48,3283.20
2336,11,1920.98,3247.26
2336,12,1031.00,3188.00
2336,02,1374.00,3970.00
2337,10,2908.35,641.99
2337,11,2234.51,778.84
2338,10,2676.67,1847.23
2338,11,2089.44,1879.20
2338,12,1336.32,1828.80
2339,10,2144.16,2221.92
2339,11,1651.20,2257.20
2340,10,1221.60,579.60
2340,11,653.76,678.24
2340,00,1241.00,1755.00
2341,10,2013.12,630.72
2341,11,1437.12,748.80
2341,01,1324.00,1478.00
2342,10,2767.68,3042.72
2342,11,2247.84,2985.12
2343,10,2628.00,1728.00
2343,11,2042.40,1772.40
2344,10,2687.04,3214.08
2344,11,2180.74,3153.60
2344,12,1308.44,3097.96
2344,02,1657.22,3832.01
2345,10,2613.60,3337.92
2345,11,2116.80,3276.00
2346,10,2878.56,1928.16
2346,11,2271.60,1942.80
2347,10,2287.18,2932.07
2347,11,1812.67,2928.96
2347,12,960.77,2890.94
2348,10,2674.94,3008.45
2348,11,2165.76,2963.52
2348,12,1314.72,2920.32
2349,10,2243.64,2930.00
2349,11,1770.85,2927.92
2350,10,2248.13,2927.23
2350,11,1774.66,2925.50
2350,12,919.30,2887.49
2350,01,1710.72,3684.79
2351,10,2299.21,3272.64
2351,11,1827.42,3249.95
2351,12,931.63,3192.61
2352,10,2289.60,3182.98
2352,11,1816.13,3165.70
2353,10,2293.06,3053.38
2353,11,1818.72,3044.16
2354,10,1291.44,2289.25
2354,11,806.22,2381.32
2355,10,2750.98,1900.80
2355,11,2155.68,1925.28
2355,12,1391.04,1874.88
2355,01,2041.92,2517.12
2355,02,1563.84,2485.44
2356,10,2287.87,3051.65
2356,11,1814.40,3039.55
2357,10,2260.22,2982.53
2357,11,1786.75,2977.34
2358,10,2293.06,2966.98
2358,11,1817.28,2960.64
2358,01,1757.38,3722.11
2359,10,2123.37,3265.92
2359,11,1664.06,3264.19
2360,10,2286.14,3096.58
2360,11,1812.67,3084.48
2360,01,1743.90,3867.26
2361,10,2327.62,3271.10
2361,11,1854.14,3245.18
2361,12,960.77,3186.43
2362,10,2521.15,3048.19
2362,11,2026.94,3015.36
2363,10,2325.89,3279.74
2363,11,1854.14,3253.82
2364,10,2198.02,2480.03
2364,11,1712.76,2501.06
2364,12,902.96,2461.65
2364,00,2291.74,3620.51
2364,02,1160.95,3160.37
2365,10,2446.85,3309.12
2365,11,1964.74,3267.65
2365,12,1074.82,3208.90
2366,10,2378.42,2480.03
2366,11,1876.61,2486.59
2366,00,2493.30,3615.53
2367,10,2360.45,3288.38
2367,11,1885.25,3257.28
2367,12,991.87,3198.53
2368,10,2236.03,3091.39
2368,11,1766.71,3083.03
2368,12,888.33,3035.75
2369,10,2699.14,3001.54
2369,11,2185.92,2954.88
2370,10,2628.29,3017.09
2370,11,2121.98,2975.62
2371,10,2614.46,2998.08
2371,11,2109.60,2959.20
2371,12,1260.00,2914.56
2372,10,2557.99,2998.43
2372,11,2059.09,2963.17
2372,12,1208.91,2919.63
2373,10,2421.97,3303.25
2373,11,1942.96,3263.85
2373,12,1051.32,3205.79
2374,10,2239.49,3087.94
2374,11,1769.76,3081.60
2374,01,1695.17,3863.81
2375,10,2450.30,3305.66
2375,11,1969.92,3264.19
2376,10,2488.32,3309.47
2376,11,2003.10,3262.19
2376,12,1114.77,3199.98
2377,10,2636.93,3084.48
2377,11,2130.00,3035.75
2377,01,2105.12,3795.19
2378,10,2290.25,3087.51
2378,11,1816.13,3072.38
2378,12,943.49,3025.73
2379,10,2182.46,2462.40
2379,11,1698.62,2483.14
2380,10,2358.72,3312.58
2380,11,1885.25,3281.47
2381,10,2569.14,3020.62
2381,11,2071.08,2984.79
2382,10,2232.02,3122.84
2382,11,1764.22,3115.38
2383,10,2718.14,3022.27
2383,11,2203.20,2970.43
2383,12,1349.57,2923.78
2384,10,2526.34,3392.06
2384,11,2068.42,3340.22
2385,10,1273.54,2040.77
2385,11,775.87,2128.90
2386,10,2726.78,3025.73
2386,11,2210.00,2973.00
2386,01,2192.40,3721.20
2387,10,2526.14,2984.79
2387,11,2028.08,2956.12
2387,12,1178.87,2913.13
2388,10,2343.17,2469.31
2388,11,1844.64,2479.68
2389,10,2241.56,3031.60
2389,11,1768.78,3027.46
2389,12,899.94,2981.84
2390,10,2365.98,2496.61
2390,11,1866.24,2502.84
2391,10,2337.98,3352.32
2391,11,1867.97,3322.94
2391,12,969.41,3271.10
2392,10,2382.57,3365.45
2392,11,1911.86,3328.13
2393,10,1226.88,2294.78
2393,11,736.13,2391.55
2394,10,2293.40,2952.81
2394,11,1817.86,2947.97
2394,01,1756.34,3707.60
2395,10,2545.34,3053.38
2395,11,2048.72,3017.09
2395,12,1190.25,2967.32
2396,10,2429.57,3074.11
2396,11,1942.27,3048.19
2396,12,1076.54,2994.62
2397,10,2528.06,3051.65
2397,11,2033.28,3018.24
2397,12,1174.80,2970.00
2397,01,1994.11,3779.14
2398,10,1667.52,3511.30
2398,11,1226.74,3563.28
2399,10,2700.86,3048.19
2399,11,2191.71,2997.93
2399,12,1333.74,2951.15
2400,10,2301.70,3343.68
2400,11,1835.14,3317.76
2400,12,933.12,3265.92
2401,10,1264.90,2284.42
2401,11,777.60,2377.73
2402,10,2217.09,2463.44
2402,11,1727.31,2484.17
2403,10,2502.14,3383.42
2403,11,2020.03,3331.58
2404,10,2676.67,464.83
2404,11,2028.96,613.44
2404,12,1366.56,610.56
2405,10,2194.56,2493.50
2405,11,1708.99,2514.24
2405,12,897.87,2471.73
2405,01,1636.42,3208.90
2406,10,2598.91,3044.74
2406,11,2097.79,3003.26
2407,10,1828.22,571.97
2407,11,1256.26,687.74
2408,10,2322.43,2320.70
2408,11,1817.86,2337.98
2408,12,1029.89,2294.78
2408,02,1268.35,2965.25
2409,10,2542.23,3110.40
2409,11,2047.68,3070.66
2409,12,1180.80,3016.80
2410,10,1208.91,2168.99
2410,11,711.94,2263.68
2410,00,1171.58,3241.04
2411,10,1318.46,2054.59
2411,11,824.26,2140.99
2412,10,2915.14,502.85
2412,11,2233.44,653.76
2412,12,1555.20,676.80
2413,10,2621.38,3138.05
2413,11,2119.68,3088.80
2414,10,1262.82,2154.47
2414,11,769.31,2245.71
2414,00,1229.23,3222.38
2415,10,1770.85,655.26
2415,11,1206.14,765.50
2415,12,508.03,590.98
2415,00,1708.99,1800.58
2415,01,1114.56,1496.16
2416,10,1315.01,2187.65
2416,11,824.26,2275.78
2417,10,2382.91,3295.30
2417,11,1905.98,3260.74
2418,10,2403.72,3297.02
2418,11,1925.96,3262.19
2418,12,1035.14,3202.47
2419,10,2445.12,2040.77
2419,11,1912.90,2070.14
2420,10,2560.90,3067.20
2420,11,2063.23,3029.18
2421,10,2543.06,3120.35
2421,11,2048.72,3079.30
2422,10,2752.08,3058.15
2422,11,2235.34,3002.57
2423,10,1976.14,622.08
2423,11,1400.92,739.03
2423,12,721.61,607.15
2423,00,1881.79,1769.47
2424,10,2666.30,3013.63
2424,11,2158.27,2966.98
2424,12,1307.52,2923.20
2424,01,2135.81,3717.97
2425,10,2137.54,501.12
2425,11,1545.12,630.72
2425,12,884.16,527.04
2426,10,2716.42,1755.65
2426,11,2119.68,1792.80
2426,00,2694.24,2736.00
2427,10,2189.38,2458.94
2427,11,1702.08,2481.41
2428,10,2676.67,451.01
2428,11,2027.52,601.92
2428,12,1365.12,599.04
2428,00,2469.60,1620.00
2429,10,1914.62,601.34
2429,11,1340.93,718.85
2429,12,660.10,571.97
2429,00,1828.80,1755.60
2430,10,1930.18,461.38
2430,11,1347.84,585.79
2431,10,2270.59,3300.48
2431,11,1805.76,3281.47
2432,10,2892.67,630.37
2432,11,2222.21,767.23
2433,10,1306.37,2108.16
2433,11,813.89,2194.56
2434,10,2605.82,3335.04
2434,11,2108.16,3272.83
2435,10,2336.53,2321.60
2435,11,1830.99,2341.09
2436,10,1859.04,679.68
2436,11,1291.85,790.04
2436,12,599.27,634.52
2436,00,1784.40,1816.80
2437,10,2398.46,2462.40
2437,11,1893.00,2468.00
2437,12,1095.55,2433.02
2437,01,1834.80,3148.80
2438,10,1824.44,698.72
2438,11,1257.10,806.22
2439,10,2513.20,3062.71
2439,11,2020.03,3029.18
2440,10,1296.00,2180.74
2440,11,803.52,2270.59
2441,10,2868.48,1942.27
2441,11,2265.41,1956.10
2441,00,2891.52,2933.28
2442,10,1965.77,634.52
2442,11,1391.04,751.68
2443,10,2654.54,3018.83
2443,11,2146.92,2974.04
2444,10,1237.25,2151.36
2444,11,741.31,2242.94
2445,10,2575.41,2983.91
2445,11,2075.33,2947.97
2446,10,2453.07,3102.11
2446,11,1966.46,3072.38
2447,10,2502.14,3316.03
2447,11,2016.58,3267.65
2447,12,1128.38,3207.17
2448,10,2674.94,3093.12
2448,11,2167.82,3042.72
2448,12,1306.08,2990.88
2448,02,1641.60,3704.83
2449,10,1812.67,575.42
2449,11,1242.43,691.20
2449,12,554.69,523.58
2449,02,669.60,1389.60
2450,10,2676.67,1755.65
2450,11,2085.70,1793.66
2451,10,691.75,3600.60
2451,11,206.53,3802.15
2452,10,2521.15,3129.41
2452,11,2027.52,3090.24
2453,10,1285.63,2253.31
2453,11,796.32,2344.32
2453,12,1305.60,2990.40
2454,10,1817.86,578.88
2454,11,1247.62,694.66
2454,00,1743.84,1740.96
2455,10,2674.94,2142.72
2455,11,2113.92,2151.36
2456,10,1868.73,520.06
2456,11,1294.27,641.09
2456,00,1785.37,1694.13
2457,10,1966.46,547.78
2457,11,1387.58,668.74
2458,10,2287.87,3153.60
2458,11,1816.13,3138.05
2459,10,2813.88,1737.68
2459,11,2201.47,1772.93
2460,10,1045.44,884.74
2460,11,487.30,976.32
2460,00,1082.88,1998.72
2461,10,2692.22,3423.17
2461,11,2191.10,3347.14
2462,10,2690.50,3020.54
2462,11,2179.01,2972.16
2463,10,2857.59,3159.17
2463,11,2326.58,3083.44
2463,12,1457.74,3029.53
2463,01,2326.58,3848.60
2464,10,2870.21,1952.64
2464,11,2268.00,1967.04
2465,10,2626.56,2991.17
2465,11,2120.26,2951.42
2466,10,2511.13,1760.49
2466,11,1942.96,1804.03
2467,10,2625.18,3012.94
2467,11,2120.26,2972.16
2467,12,1270.08,2927.23
2468,10,2940.37,2262.30
2468,11,2355.61,2247.78
2468,12,1560.38,2227.39
2468,02,1793.66,2820.10
2469,10,2515.69,3033.26
2469,11,2020.52,3000.91
2469,12,1164.53,2953.64
2470,10,2674.94,3006.72
2470,11,2166.91,2963.17
2470,12,1314.66,2917.56
2471,10,2719.73,3095.47
2471,11,2206.64,3039.73
2471,12,1346.68,2988.97
2472,10,2753.74,2285.11
2472,11,2196.29,2280.96
2473,10,1826.84,572.31
2473,11,1257.10,689.76
2473,12,569.73,523.14
2473,00,1752.19,1733.18
2474,10,1264.90,2299.62
2474,11,777.60,2392.93
2475,10,2361.83,2490.39
2475,11,1861.06,2500.42
2475,01,1801.96,3187.12
2476,10,2592.00,1781.22
2476,11,2013.47,1820.62
2477,10,2339.02,2301.70
2477,11,1830.99,2320.36
2478,10,2930.00,2301.70
2478,11,2348.35,2286.14
2479,10,2699.83,3002.57
2479,11,2187.65,2954.88
2479,12,1335.40,2909.26
2479,02,1665.10,3608.06
2480,10,680.14,3589.40
2480,11,196.58,3789.71
2481,10,2627.25,3002.57
2481,11,2123.71,2961.79
2482,10,2618.96,3002.57
2482,11,2115.07,2961.10
2483,10,1916.01,465.32
2483,11,1336.53,591.23
2483,12,664.38,440.43
2483,01,1230.23,1346.68
2483,02,758.94,1304.29
2484,10,2890.43,1994.64
2484,11,2284.28,2003.10
2485,10,2365.98,3363.38
2485,11,1895.27,3330.20
2485,12,997.40,3278.36
2486,10,2612.74,2996.35
2486,11,2106.78,2956.95
2486,12,1257.70,2909.54
2486,01,2077.75,3707.60
2487,10,2419.89,2482.10
2487,11,1913.52,2485.83
2487,12,1114.77,2451.00
2487,00,2419.20,3395.52
2488,10,2328.65,3355.09
2488,11,1860.02,3326.05
2489,10,2674.94,1748.05
2489,11,2083.97,1788.48
2490,10,2708.89,3013.46
2490,11,2196.49,2966.87
2490,12,1343.69,2920.29
2491,10,2679.09,3012.94
2491,11,2171.06,2967.32
2492,10,2871.94,1930.52
2492,11,2267.14,1945.73
2492,12,1495.07,1916.01
2492,00,2890.60,2919.63
2493,10,2359.76,3278.36
2493,11,1884.90,3247.26
2493,12,993.25,3189.20
2494,10,2316.21,2475.88
2494,11,1821.31,2488.32
2494,12,1019.52,2453.76
2495,10,1275.61,2149.91
2495,11,784.72,2239.49
2496,10,2624.68,2991.96
2496,11,2120.05,2953.14
2496,12,1269.04,2908.35
2497,10,1913.93,599.27
2497,11,1339.55,717.47
2498,10,2274.32,3331.86
2498,11,1808.18,3311.54
2498,12,906.16,3259.70
2498,00,400.80,782.40
2499,10,2217.09,2455.97
2499,11,1729.38,2475.88
2499,12,923.17,2431.09
2499,02,1176.98,3127.82
2500,10,2247.78,2496.61
2500,11,1760.83,2512.51
2500,00,2351.46,3641.24
2501,10,2336.53,2468.41
2501,11,1838.59,2479.68
2501,12,1038.53,2441.66
2502,10,2357.68,3311.54
2502,11,1884.90,3280.44
2502,12,991.18,3226.52
2503,10,2444.77,3307.39
2503,11,1963.70,3265.92
2504,10,1286.96,2137.97
2504,11,794.27,2227.54
2505,10,2515.69,2985.98
2505,11,2020.91,2956.12
2505,12,1168.12,2913.13
2506,10,2408.69,2473.39
2506,11,1833.00,2319.00
2506,00,2529.13,3607.07
2507,10,2459.29,2473.81
2507,11,1945.04,2475.88
2507,00,2585.36,3605.58
2508,10,2453.07,3297.02
2508,11,1971.99,3257.63
2509,10,2448.92,3290.80
2509,11,1965.77,3249.33
2510,10,2514.20,752.47
2510,11,1901.08,870.91
2510,12,1221.77,836.08
2511,10,2401.23,3282.51
2511,11,1922.23,3249.33
2512,10,1287.71,2125.44
2512,11,794.19,2212.53
2513,10,2699.83,3048.19
2513,11,2187.65,2999.81
2513,12,1332.29,2953.15
2514,10,2330.73,3276.29
2514,11,1855.87,3249.33
2515,10,2297.55,3276.29
2515,11,1826.84,3253.48
2516,10,2271.84,3274.63
2516,11,1804.03,3254.72
2516,12,905.75,3197.49
2517,10,2013.47,632.45
2517,11,1435.76,748.98
2517,00,1914.62,1776.38
2518,10,1930.52,458.27
2518,11,1349.91,584.76
2518,12,680.14,437.53
2519,10,2289.25,2477.95
2519,11,1795.74,2490.39
2520,10,2262.30,3270.07
2520,11,1793.66,3251.41
2521,10,2701.90,3023.31
2521,11,2187.65,2973.54
2522,10,2193.87,2484.17
2522,11,1708.65,2504.91
2523,10,1250.38,2121.29
2523,11,754.79,2212.53
2524,10,2283.03,3176.76
2524,11,1810.25,3160.17
2525,10,2295.48,2488.32
2525,11,1801.96,2500.76
2526,10,1965.77,457.85
2526,11,1379.53,585.25
2526,12,713.65,444.91
2527,10,2677.02,3017.09
2527,11,2165.18,2970.43
2527,12,1313.28,2927.23
2528,10,2662.50,1857.95
2528,11,2079.82,1889.05
2529,10,2378.42,2492.47
2529,11,1822.80,2302.80
2529,00,2410.56,3368.16
2530,10,2217.60,2495.52
2530,11,1730.88,2512.80
2530,12,921.02,2471.04
2530,00,2315.52,3639.17
2531,10,2778.62,1882.83
2531,11,2179.35,1905.64
2532,10,2517.35,1760.49
2532,11,1949.18,1804.03
2532,12,1202.69,1743.90
2532,00,2502.84,2753.74
2533,10,2293.24,2938.21
2533,11,1815.48,2932.24
2534,10,2395.01,2500.76
2534,11,1891.12,2504.91
2534,12,1090.71,2469.66
2534,01,1837.21,3193.34
2535,10,1281.48,2096.41
2535,11,787.97,2185.57
2536,10,1857.95,678.07
2536,11,1291.85,790.04
2537,10,2759.96,1895.27
2537,11,2164.84,1918.08
2537,12,1401.75,1870.39
2538,10,2622.69,3038.24
2538,11,2117.56,2995.94
2538,12,1264.07,2951.15
2539,10,2637.62,2998.43
2539,11,2132.35,2956.61
2540,10,2927.92,1928.45
2540,11,2313.79,1942.27
2541,10,2235.34,3075.15
2541,11,1766.71,3066.85
2541,12,890.00,3021.00
2541,02,1211.00,3789.00
2542,10,2422.23,3074.37
2542,11,1938.50,3049.29
2542,12,1071.37,2995.54
2543,10,1192.32,711.24
2543,11,630.37,806.63
2543,00,1213.06,1855.87
2544,10,1271.53,2055.35
2544,11,776.36,2142.44
2545,10,2883.96,1978.21
2545,11,2278.89,1988.58
2546,10,2289.25,3100.45
2546,11,1816.47,3088.01
2546,01,1749.79,3869.84
2547,10,1200.61,707.10
2547,11,638.67,802.48
2548,10,2214.61,2209.63
2548,11,1716.94,2242.47
2548,00,2279.30,3294.54
2549,10,677.82,3595.13
2549,11,194.09,3795.19
2550,10,2239.49,3085.52
2550,11,1770.85,3079.30
2550,12,893.72,3029.53
2550,00,2592.00,1957.20
2551,10,2384.64,3278.36
2551,11,1905.64,3245.18
2552,10,2243.64,3002.57
2552,11,1772.93,2998.43
2553,10,2256.08,3089.66
2553,11,1785.02,3081.02
2554,10,2685.31,3087.59
2554,11,2177.28,3035.75
2554,01,2157.37,3797.18
2555,10,2672.87,3017.09
2555,11,2162.35,2971.05
2555,12,1311.34,2926.26
2555,01,2140.95,3720.54
2555,02,1639.31,3627.97
2556,10,2448.51,2037.93
2556,11,1916.01,2067.38
2557,10,2630.06,1727.09
2557,11,2046.00,1770.09
2557,12,1300.70,1716.34
2557,01,1927.75,2364.90
2558,10,2318.29,3083.44
2558,11,1841.36,3066.85
2559,10,1293.53,2178.57
2559,11,802.63,2268.15
2560,10,2522.56,3024.21
2560,11,2028.08,2991.96
2561,10,2605.27,3107.91
2561,11,2107.61,3063.12
2561,12,1242.43,3011.90
2561,01,2077.75,3829.53
2561,02,1578.01,3736.63
2562,10,2886.45,2307.92
2562,11,2312.06,2293.06
2563,10,2612.74,539.14
2563,11,1976.83,679.10
2564,10,1870.39,678.07
2564,11,1304.29,790.04
2564,12,612.13,637.01
2564,01,1204.42,1515.46
2564,02,729.91,1478.48
2565,10,1854.14,673.92
2565,11,1286.46,786.31
2565,00,1779.84,1811.52
2566,10,1271.12,2106.78
2566,11,775.53,2195.94
2567,10,2517.35,3058.56
2567,11,2023.83,3023.31
2568,10,1816.47,577.29
2568,11,1246.23,692.58
2568,12,559.87,526.69
2569,10,2600.79,1827.42
2569,11,2023.49,1864.51
2569,12,1270.08,1810.08
2569,00,2594.82,2818.77
2569,02,1440.00,2437.92
2570,10,2907.19,642.82
2570,11,2233.27,777.60
2571,10,2710.20,1754.27
2571,11,2115.07,1791.94
2571,12,1362.24,1742.40
2571,01,1990.66,2382.91
2572,10,2517.35,767.23
2572,11,1909.79,885.43
2572,12,1227.57,850.18
2573,10,2460.95,3100.45
2573,11,1971.99,3071.00
2574,10,2854.10,3157.68
2574,11,2326.58,3083.44
2575,10,2726.78,3166.39
2575,11,2218.75,3102.11
2576,10,2654.21,3141.50
2576,11,2149.63,3089.66
2577,10,2561.97,758.44
2577,11,1943.38,878.38
2577,12,1264.07,851.01
2578,10,2365.98,2349.39
2578,11,1857.60,2363.90
2578,12,1069.98,2322.43
2578,01,1789.52,3029.53
2579,10,2558.99,767.40
2579,11,1940.89,885.84
2579,12,1261.58,855.98
2579,00,2406.21,1863.75
2580,10,2413.67,3284.58
2580,11,1933.43,3247.26
2580,12,1042.61,3187.54
2581,10,2478.37,3027.79
2581,11,1988.17,3000.91
2581,12,1131.69,2953.14
2581,01,1948.35,3762.34
2582,10,2569.19,3394.48
2582,11,2079.82,3336.42
2583,10,1432.86,2739.23
2583,11,974.59,2830.46
2583,00,2755.47,566.14
2584,10,2596.15,3326.05
2584,11,2106.78,3265.92
2584,12,1219.28,3203.71
2585,10,2289.25,3040.73
2585,11,1813.99,3030.77
2586,10,843.54,2475.88
2586,11,333.43,2615.22
2587,10,2241.98,3038.24
2587,11,1771.68,3033.26
2587,12,900.77,2988.47
2587,01,1702.01,3810.12
2587,02,1219.28,3752.39
2588,10,2565.46,2985.98
2588,11,2065.31,2951.15
2589,10,2655.04,3102.94
2589,11,2149.91,3053.17
2590,10,2678.43,456.86
2590,11,2025.49,612.13
2590,12,1363.60,609.64
2591,10,2684.90,3100.45
2591,11,2174.79,3048.19
2592,10,2518.18,3122.84
2592,11,2027.98,3083.44
2593,10,2431.09,3306.98
2593,11,1950.84,3267.17
2593,12,1062.51,3207.45
2594,10,2259.40,3115.38
2594,11,1789.10,3105.42
2594,12,911.52,3055.68
2594,01,1716.94,3893.72
2594,02,1235.52,3827.52
2595,10,2755.47,2282.49
2595,11,2194.70,2279.30
2595,12,1408.39,2249.44
2595,02,1642.29,2864.06
2596,10,2443.53,2495.79
2596,11,1936.74,2496.61
2596,01,1749.60,2999.52
2597,10,2361.42,2498.27
2597,11,1861.26,2505.74
2597,12,1060.02,2468.41
2598,10,2677.43,455.36
2598,11,2027.98,605.49
2598,12,1366.09,602.17
2598,01,1848.96,1339.20
2598,02,1391.39,1337.47
2599,10,2594.82,1818.46
2599,11,2018.03,1856.29
2600,10,1281.49,2095.17
2600,11,788.80,2184.75
2601,10,1286.46,2095.17
2601,11,793.77,2184.75
2602,10,1870.42,680.80
2602,11,1303.88,791.29
2602,01,1202.69,1515.80
2603,10,2625.18,3015.84
2603,11,2120.00,2974.00
2603,12,1269.00,2928.00
2603,01,2094.00,3726.00
2604,10,2319.11,3279.61
2604,11,1846.33,3254.72
2605,10,1943.38,3543.37
2605,11,1500.46,3555.81
2605,12,540.46,3517.49
2606,10,2707.29,3013.36
2606,11,2194.70,2965.08
2606,12,1343.69,2920.29
2607,10,2632.64,3013.36
2607,11,2127.17,2970.43
2607,12,1276.99,2925.50
2607,01,2100.56,3722.11
2607,02,1602.89,3632.95
2608,10,1664.69,3511.02
2608,11,1496.45,3559.68
2608,12,530.01,3523.46
2608,02,1696.80,1158.00
2609,10,2771.99,1886.15
2609,11,2174.79,1908.54
2610,10,2254.42,3088.01
2610,11,1781.64,3078.05
2611,10,2600.29,3038.24
2611,11,2103.33,2999.12
2611,12,1250.53,2952.54
2612,10,2663.50,1824.44
2612,11,2075.26,1858.78
2612,12,1319.81,1800.55
2612,00,2651.55,2806.83
2613,10,2672.46,3015.84
2613,11,2162.35,2971.05
2614,10,2605.27,2995.94
2614,11,2102.63,2956.95
2615,10,2562.97,2995.94
2615,11,2065.31,2961.10
2615,12,1214.30,2916.31
2616,10,2886.45,2306.67
2616,11,2311.65,2291.74
2616,12,1517.88,2266.86
2617,10,1266.56,2304.18
2617,11,785.31,2394.76
2618,10,2647.57,1739.34
2618,11,2059.09,1781.22
2618,12,1310.52,1729.38
2619,10,2891.43,607.15
2619,11,2218.75,748.57
2620,10,2704.80,3043.22
2620,11,2192.21,2990.96
2620,12,1336.23,2946.17
2621,10,2291.74,3045.70
2621,11,1816.47,3035.75
2621,12,949.54,2991.96
2621,01,1752.77,3810.12
2622,10,2259.40,3127.82
2622,11,1789.10,3115.38
2622,12,908.24,3065.61
2623,10,2618.71,3045.70
2623,11,2114.08,3003.90
2623,12,1260.09,2956.12
2623,02,1587.35,3672.76
2624,10,2296.72,3274.63
2624,11,1826.43,3252.24
2625,10,1911.03,599.69
2625,11,1337.72,716.64
2625,12,656.92,567.34
2626,10,1902.07,600.18
2626,11,1329.36,716.64
2626,12,644.97,569.73
2626,00,1816.47,1754.27
2626,01,1224.25,1454.17
2627,10,2664.99,2139.96
2627,11,2102.63,2148.25
2627,00,2729.69,3175.10
2628,10,2323.10,3266.67
2628,11,1848.82,3242.28
2628,12,955.52,3182.56
2629,10,2239.49,3120.35
2629,11,1768.78,3110.40
2629,12,887.50,3060.63
2630,10,2839.67,3168.13
2630,11,2314.14,3095.47
2631,10,1923.47,597.20
2631,11,1348.67,714.15
2632,10,1112.28,2281.79
2632,11,612.13,2391.77
2632,01,456.86,3096.47
2633,10,2254.42,3120.35
2633,11,1784.13,3110.40
2634,10,1146.62,2284.28
2634,11,650.94,2391.77
2634,00,1098.84,3409.99
2635,10,2339.02,3356.74
2635,11,1871.22,3326.88
2636,10,1154.58,2286.77
2636,11,659.40,2391.28
2637,10,2622.69,3334.35
2637,11,2122.54,3272.14
2637,12,1236.70,3209.93
2638,10,2754.57,903.26
2638,11,2123.37,1011.92
2638,12,1428.71,1013.99
2638,00,2608.59,1969.92
2639,10,1249.14,2147.42
2639,11,753.96,2237.00
2640,10,2466.42,2475.38
2640,11,1953.33,2475.88
2641,10,2493.30,460.34
2641,11,1866.24,604.66
2641,12,1209.32,569.83
2642,10,2381.32,3292.05
2642,11,1906.05,3259.70
2642,12,1012.75,3202.47
2643,10,2561.97,3135.28
2643,11,2067.79,3088.01
2643,12,1199.37,3030.77
2643,02,1534.80,3765.33
2644,10,2408.69,3043.22
2644,11,1924.30,3019.16
2645,10,2707.29,2015.54
2645,11,2127.51,2032.13
2645,12,1360.28,1982.36
2646,10,2485.83,2973.54
2646,11,1992.25,2948.96
2646,12,1143.04,2905.96
2647,10,2692.36,3070.59
2647,11,2182.26,3018.33
2648,10,2883.96,1923.47
2648,11,2276.81,1938.82
2648,00,2898.89,2909.26
2649,10,2931.24,2301.70
2649,11,2347.32,2285.11
2649,01,2296.72,2918.80
2650,10,1308.86,2130.00
2650,11,816.17,2217.09
2651,10,2518.18,766.40
2651,11,1908.04,883.85
2651,00,2372.20,1866.24
2651,01,1751.78,1577.60
2652,10,2849.13,2306.67
2652,11,2280.96,2293.40
2653,10,2794.88,2081.83
2653,11,2209.63,2087.20
2653,12,1429.69,2046.00
2653,02,1626.76,2651.55
2654,10,2543.06,3107.91
2654,11,2046.64,3068.93
2655,10,2722.22,1749.29
2655,11,2125.03,1786.61
2655,00,2697.34,2727.20
2656,10,1283.97,2187.23
2656,11,793.77,2279.30
2657,10,2344.00,2500.76
2657,11,1846.33,2508.23
2658,10,2597.81,674.83
2658,11,1970.75,801.24
2659,10,2650.06,664.38
2659,11,2015.54,794.19
2660,10,2339.02,3344.30
2660,11,1871.22,3316.93
2660,12,970.45,3262.19
2661,10,1858.78,676.82
2661,11,1293.53,788.30
2661,12,601.97,634.22
2661,00,1785.37,1814.40
2662,10,2296.72,2498.27
2662,11,1804.03,2510.72
2662,01,1740.83,3200.98
2663,10,2615.72,1731.87
2663,11,2035.25,1773.68
2663,12,1286.36,1723.51
2663,00,2595.32,2722.22
2663,01,1913.42,2372.07
2664,10,2906.36,641.99
2664,11,2234.51,778.84
2665,10,2468.41,542.45
2665,11,1848.82,679.31
2665,12,1186.93,639.50
2666,10,2548.04,691.75
2666,11,1928.45,817.00
2666,12,1254.53,790.04
2666,01,1771.20,1520.64
2667,10,2884.46,1925.96
2667,11,2274.32,1940.89
2668,10,2548.04,3058.15
2668,11,2050.79,3021.24
2669,10,1293.53,2221.57
2669,11,806.22,2311.15
2670,10,2301.70,3341.81
2670,11,1836.86,3314.30
2670,12,936.58,3262.46
2671,10,2502.26,3036.75
2671,11,2008.07,3005.89
2672,10,1323.79,2147.42
2672,11,833.59,2234.51
2672,00,1295.92,3212.92
2673,10,2533.11,763.91
2673,11,1917.00,883.85
2673,12,1236.20,851.01
2674,10,2717.25,1953.33
2674,11,2128.41,1970.75
2674,12,1365.19,1920.59
2675,10,2645.08,3110.40
2675,11,2142.44,3063.12
2675,12,1279.00,3010.87
2675,02,1618.40,3732.48
2676,10,1833.39,680.80
2676,11,1269.04,791.29
2676,12,573.31,630.64
2677,10,1833.89,574.80
2677,11,1261.58,691.75
2677,00,1758.41,1737.68
2678,10,1042.11,877.88
2678,11,480.74,970.45
2678,00,1077.44,1993.14
2679,10,2331.56,3267.17
2679,11,1857.95,3241.04
2680,10,2636.62,3123.34
2680,11,2131.99,3072.58
2681,10,2266.36,2932.24
2681,11,1791.59,2928.75
2681,01,1729.38,3690.18
2682,10,2624.68,3036.75
2682,11,2120.05,2994.94
2683,10,827.72,2504.64
2683,11,318.90,2644.39
2684,10,2444.77,2496.61
2684,11,1935.91,2495.79
2684,12,1032.48,2293.92
2684,00,2570.44,3632.95
2685,10,2504.64,2981.21
2685,11,2012.55,2953.14
2685,12,1158.56,2908.35
2685,01,1970.75,3705.01
2686,10,2215.60,2490.31
2686,11,1729.44,2509.92
2686,12,920.16,2469.60
2687,10,2675.44,471.79
2687,11,2027.98,619.59
2687,00,2475.38,1630.35
2688,10,2445.52,3302.50
2688,11,1965.60,3260.16
2688,12,1075.68,3199.68
2688,00,404.90,788.30
2689,10,1943.88,3544.36
2689,11,1501.95,3556.31
2690,10,2185.74,2483.15
2690,11,1705.00,2505.24
2691,10,2540.48,752.47
2691,11,1925.96,871.91
2691,12,1248.14,842.05
2692,10,2514.20,3111.40
2692,11,2024.50,3075.56
2693,10,2684.40,3105.42
2693,11,2173.80,3051.68
2694,10,2535.10,3105.42
2694,11,2040.42,3065.61
2694,12,1175.73,3012.94
2695,10,1931.93,456.86
2695,11,1352.65,582.27
2696,10,2576.90,456.86
2696,11,1940.89,603.17
2696,12,1281.49,584.76
2696,02,1314.66,1335.40
2697,10,2233.52,3123.34
2697,11,1762.93,3113.79
2697,12,880.87,3063.62
2697,02,1207.53,3841.17
2698,10,2732.18,3102.44
2698,11,2217.99,3045.70
2698,12,1358.03,2995.54
2698,02,1698.43,3705.01
2699,10,2504.64,458.65
2699,11,1878.18,603.17
2699,01,1713.96,1343.69
2700,10,1925.96,462.83
2700,11,1343.69,585.25
2701,10,2511.21,3099.45
2701,11,2018.53,3063.62
2702,10,2493.30,462.83
2702,11,1866.24,606.15
2702,12,1209.32,573.31
2702,02,1249.14,1336.23
2703,10,1272.03,2311.15
2703,11,784.72,2397.15
2703,00,1233.21,3418.95
2704,10,2806.83,2299.21
2704,11,2241.98,2289.25
2705,10,1278.00,2299.21
2705,11,791.29,2391.77
2705,12,1469.10,2009.57
2705,02,1663.19,2609.75
2706,10,2788.91,2293.24
2706,11,2225.16,2282.49
2706,12,1439.24,2257.40
2706,02,1676.93,2866.55
2707,10,1266.06,2287.26
2707,11,776.36,2379.83
2708,10,1917.00,465.81
2708,11,1336.53,591.23
2708,12,666.47,440.73
2709,10,2660.51,3129.31
2709,11,2152.90,3075.56
2709,12,1286.96,3021.82
2710,10,1970.75,465.81
2710,11,1385.50,591.22
2710,12,719.62,453.87
2711,10,2290.25,3099.45
2711,11,1815.48,3087.51
2712,10,2678.43,3096.47
2712,11,2167.82,3042.72
2713,10,2523.16,3129.31
2713,11,2027.48,3087.51
2714,10,2260.39,3093.48
2714,11,1788.60,3084.52
2715,10,2236.50,3090.49
2715,11,1764.72,3081.54
2715,12,886.84,3033.76
2715,01,1691.26,3866.25
2716,10,1292.93,2179.77
2716,11,802.63,2268.15
2717,10,1283.97,2158.87
2717,11,791.29,2248.45
2717,00,1250.53,3228.45
2718,10,1278.00,2149.91
2718,11,782.33,2239.49
2719,10,1286.36,2092.58
2719,11,791.88,2182.16
2720,10,2690.37,3069.59
2720,11,2179.77,3018.83
2720,12,1322.79,2971.05
2720,01,2160.66,3776.67
2721,10,1272.03,2054.36
2721,11,776.36,2140.95
2722,10,1322.19,2046.00
2722,11,827.72,2128.41
2723,10,2841.46,2042.41
2723,11,2246.66,2049.58
2724,10,1272.03,2046.00
2724,11,773.97,2131.99
2725,10,2576.31,3067.20
2725,11,2078.25,3027.79
2726,10,1818.46,573.31
2726,11,1246.95,687.97
2726,12,558.98,523.14
2727,10,2558.99,3057.65
2727,11,2060.33,3018.83
2728,10,2286.07,3056.45
2728,11,1815.48,3045.70
2729,10,2881.48,1979.71
2729,11,2276.81,1988.17
2730,10,2869.53,1967.76
2730,11,2266.86,1980.70
2730,12,1492.99,1949.18
2730,02,1677.54,2544.31
2731,10,2866.55,1937.90
2731,11,2264.37,1955.82
2732,10,2860.57,3165.14
2732,11,2331.56,3090.49
2733,10,2293.24,3051.68
2733,11,1818.46,3036.75
2734,10,2762.04,1890.13
2734,11,2164.84,1916.01
2735,10,2773.38,1884.75
2735,11,2176.78,1908.04
2735,12,1412.37,1860.27
2736,10,2287.26,3171.12
2736,11,1815.48,3153.20
2737,10,2756.06,3171.12
2737,11,2239.49,3105.42
2738,10,2561.97,2977.03
2738,11,2063.32,2944.18
2739,10,2535.10,2983.00
2739,11,2037.93,2951.15
2739,12,1189.42,2908.85
2740,10,2588.85,1806.52
2740,11,2010.56,1843.85
2741,10,2547.04,2983.00
2741,11,2047.89,2951.15
2741,12,1199.37,2906.36
2742,10,1981.50,623.47
2742,11,1403.41,740.52
2742,12,722.61,606.15
2743,10,2585.86,2983.00
2743,11,2087.20,2947.17
2743,12,1239.18,2902.38
2743,01,2056.75,3694.26
2744,10,1970.75,630.04
2744,11,1394.45,743.51
2744,12,713.65,612.13
2744,00,1876.19,1774.17
2744,02,818.66,1440.74
2745,10,2681.41,1752.77
2745,11,2087.70,1791.59
2745,12,1337.72,1740.83
2745,00,2657.53,2735.16
2745,02,1495.98,2361.91
2746,10,2674.94,1749.29
2746,11,2082.72,1789.10
2746,00,2650.06,2732.18
2747,10,2663.50,1746.80
2747,11,2072.27,1788.60
2748,10,2648.57,1740.83
2748,11,2060.33,1781.64
2749,10,2564.96,2994.94
2749,11,2063.32,2959.11
2749,12,1212.31,2914.32
2750,10,2609.75,2994.94
2750,11,2105.12,2956.12
2750,12,1256.60,2911.34
2751,10,2624.68,1731.87
2751,11,2040.42,1775.00
2752,10,2269.35,3036.75
2752,11,1797.56,3027.79
2753,10,1964.78,639.00
2753,11,1388.48,755.45
2753,12,707.68,618.10
2754,10,2633.64,1725.90
2754,11,2045.40,1769.20
2755,10,1994.64,644.97
2755,11,1418.34,761.43
2755,00,1896.10,1785.62
2756,10,2239.49,3033.76
2756,11,1767.70,3027.79
2756,12,895.80,2985.98
2757,10,2126.02,3254.72
2757,11,1666.18,3251.74
2758,10,1770.69,653.93
2758,11,1206.34,767.40
2758,00,1706.99,1799.06
2759,10,2515.39,3031.37
2759,11,2021.51,2997.93
2760,10,2433.58,3006.89
2760,11,1946.86,2983.00
2760,01,1896.10,3741.44
2761,10,1780.84,662.89
2761,11,1214.70,773.97
2761,12,515.98,601.97
2761,02,641.99,1457.16
2762,10,2756.06,901.77
2762,11,2122.54,1012.75
2762,12,1427.30,1012.25
2763,10,2263.38,3266.67
2763,11,1794.58,3248.75
2763,12,895.80,3192.02
2764,10,1054.05,883.85
2764,11,492.69,976.42
2765,10,2651.55,662.89
2765,11,2015.54,791.29
2765,12,1341.20,781.33
2766,10,1851.31,671.85
2766,11,1283.97,785.31
2766,12,594.21,630.04
2767,10,1860.27,674.83
2767,11,1292.93,788.30
2767,00,1784.13,1813.99
2768,10,2645.58,3024.80
2768,11,2137.47,2981.01
2768,12,1286.46,2936.22
2768,01,2114.08,3735.47
2769,10,2547.64,766.80
2769,11,1931.93,883.85
2769,12,1254.11,853.99
2770,10,2529.73,763.22
2770,11,1917.00,883.85
2771,10,2520.17,764.41
2771,11,1908.04,883.85
2772,10,2424.62,3290.56
2772,11,1943.88,3251.74
2773,10,2382.82,3290.56
2773,11,1905.06,3257.71
2773,12,1012.25,3200.98
2774,10,2412.68,3287.57
2774,11,1931.93,3251.74
2775,10,2087.20,680.80
2775,11,1507.92,797.26
2775,12,830.10,686.78
2775,00,1980.70,1811.50
2776,10,1827.42,689.76
2776,11,1263.07,797.26
2777,10,2626.47,3013.46
2777,11,2123.04,2974.04
2778,10,2570.93,3021.82
2778,11,2070.28,2983.50
2779,10,1194.39,707.68
2779,11,633.03,806.22
2779,00,1214.30,1853.80
2780,10,2385.80,3278.61
2780,11,1908.54,3244.77
2780,12,1017.72,3185.05
2781,10,2576.90,3018.83
2781,11,2078.25,2983.00
2781,12,1224.25,2936.22
2781,02,1550.22,3650.37
2782,10,2636.62,3018.83
2782,11,2130.00,2976.03
2782,12,1277.34,2930.00
2782,02,1604.97,3637.92
2783,10,2499.27,1767.70
2783,11,1930.94,1811.50
2784,10,1803.53,585.25
2784,11,1233.21,698.72
2784,12,548.23,526.73
2784,00,1731.87,1744.31
2784,02,665.87,1391.47
2785,10,2484.34,3102.44
2785,11,1994.64,3069.59
2785,12,1128.70,3015.84
2785,01,1949.25,3841.17
2786,10,2520.17,716.64
2786,11,1905.06,839.06
2787,10,2675.44,2140.95
2787,11,2112.58,2149.91
2788,10,2888.04,2303.99
2788,11,2311.15,2289.65
2788,12,1519.87,2266.36
2789,10,2594.22,1820.26
2789,11,2018.53,1857.28
2789,12,1266.06,1800.55
2790,10,1949.25,3554.52
2790,11,1508.52,3565.27
2791,10,838.46,2475.98
2791,11,329.65,2615.72
2792,10,795.47,2418.65
2792,11,279.49,2554.81
2793,10,2569.14,2988.37
2793,11,2067.50,2952.54
2793,12,1218.28,2909.54
2794,10,784.72,2404.31
2794,11,265.16,2544.06
2795,10,2626.47,2995.54
2795,11,2121.24,2952.54
2795,12,1272.03,2909.54
2796,10,2701.72,3006.29
2796,11,2189.32,2956.12
2796,12,1336.53,2909.54
2797,10,2644.39,3024.21
2797,11,2135.58,2981.21
2798,10,2289.65,3088.70
2798,11,1816.67,3074.37
2798,12,942.38,3027.79
2799,10,2895.21,627.06
2799,11,2225.16,763.22
2799,00,2680.22,1737.84
2800,10,1963.58,637.81
2800,11,1390.27,756.05
2800,12,709.47,619.89
2801,10,1770.09,655.72
2801,11,1203.95,770.38
2802,10,2733.97,3163.95
2802,11,2221.57,3099.45
2803,10,1193.20,705.89
2803,11,630.64,802.63
2803,00,1214.70,1848.92
2804,10,1053.46,885.05
2804,11,494.48,978.21
2804,00,1086.90,2000.61
2804,01,450.88,1690.07
2805,10,1189.62,716.64
2805,11,627.06,813.38
2806,10,2644.39,3113.79
2806,11,2143.94,3063.62
2806,12,1280.99,3012.86
2807,10,2615.72,3038.54
2807,11,2110.49,2995.54
2807,12,1257.70,2952.54
2808,10,2877.29,1977.92
2808,11,2268.15,1977.92
2808,12,1494.19,1949.25
2808,02,1680.51,2544.06
2809,10,2250.24,3038.54
2809,11,1777.26,3031.37
2810,10,2511.81,752.47
2810,11,1899.09,870.71
2810,12,1221.86,834.88
2810,00,2364.90,1854.30
2811,10,2662.30,1856.09
2811,11,2078.25,1887.14
2812,10,2354.15,3310.86
2812,11,1884.16,3281.60
2813,10,2583.47,1795.17
2813,11,2009.57,1836.38
2813,12,1257.10,1776.66
2814,10,2182.75,2469.41
2814,11,1696.04,2490.31
2814,00,2271.74,3608.26
2815,10,777.55,2468.81
2815,11,261.57,2612.14
2816,10,2382.82,3289.36
2816,11,1906.25,3253.53
2817,10,2300.40,3271.45
2817,11,1827.42,3249.95
2818,10,2698.14,3267.86
2818,11,2189.32,3199.78
2818,12,1311.44,3138.87
2819,10,2544.06,2981.21
2819,11,2046.00,2948.96
2820,10,2060.33,705.89
2820,11,1483.44,816.97
2821,10,2587.06,2984.79
2821,11,2089.00,2948.96
2821,12,1236.20,2902.38
2822,10,2587.06,1788.01
2822,11,2012.55,1827.42
2822,12,1259.09,1769.20
2822,02,1424.56,2399.16
2823,10,2594.22,1780.84
2823,11,2015.54,1821.45
2824,10,2673.05,1845.34
2824,11,2087.20,1878.18
2825,10,2716.05,2991.96
2825,11,2200.67,2944.18
2825,12,1349.67,2896.41
2826,10,2418.65,3002.71
2826,11,1931.33,2981.21
2826,12,1071.37,2934.63
2827,10,2830.71,3178.28
2827,11,2303.99,3103.04
2828,10,1272.03,2307.57
2828,11,784.72,2404.31
2829,10,2841.46,3167.53
2829,11,2314.14,3093.48
2829,12,1443.23,3038.24
2829,02,1794.58,3744.43
2830,10,1282.78,2300.40
2830,11,799.05,2393.57
2831,10,2762.63,1888.34
2831,11,2167.82,1902.67
2831,12,1404.61,1856.09
2832,10,1816.67,573.31
2832,11,1246.95,687.97
2833,10,2855.80,3160.37
2833,11,2326.08,3084.52
2833,12,1458.16,3028.29
2834,10,2235.91,3038.54
2834,11,1766.02,3034.37
2834,12,895.80,2991.96
2834,01,1694.13,3809.20
2835,10,2081.83,677.22
2835,11,1504.94,791.88
2835,12,827.72,680.80
2835,02,925.66,1484.03
2836,10,1150.20,2282.49
2836,11,652.14,2389.98
2837,10,1110.79,2278.90
2837,11,612.72,2389.98
2838,10,1848.92,673.64
2838,11,1282.78,784.72
2838,12,587.64,627.06
2839,10,2522.56,3128.12
2839,11,2028.08,3088.70
2840,10,2665.89,662.89
2840,11,2030.47,791.29
2840,12,1352.65,782.33
2840,00,2490.31,1779.65
2841,10,1279.20,2221.57
2841,11,784.72,2311.15
2842,10,1967.17,627.06
2842,11,1393.86,745.30
2842,12,716.64,612.72
2843,10,2529.73,3106.62
2843,11,2035.25,3067.20
2844,10,2830.71,3092.29
2844,11,2300.40,3024.21
2844,12,1440.44,2970.46
2845,10,2658.72,3095.87
2845,11,2152.90,3042.72
2846,10,1286.36,2139.16
2846,11,791.88,2228.74
2847,10,2662.30,1745.01
2847,11,2071.08,1788.01
2847,00,2637.22,2730.38
2848,10,2407.90,2493.89
2848,11,1902.67,2497.48
2849,10,2508.23,1762.93
2849,11,1940.89,1806.52
2849,00,2493.89,2755.47
2850,10,1272.03,2329.07
2850,11,784.72,2422.23
2851,10,2766.22,3038.54
2851,11,2245.46,2983.00
2852,10,1891.92,616.31
2852,11,1318.61,734.55
2852,12,634.22,580.48
2852,00,1809.51,1767.70
2853,10,2414.88,2475.36
2853,11,1911.03,2481.35
2853,00,2534.40,3608.64
2854,10,2716.05,1952.83
2854,11,2134.98,1970.75
2855,10,2587.06,3070.79
2855,11,2004.48,3324.67
2855,12,1111.10,3267.65
2856,10,2651.55,659.31
2856,11,2018.53,791.29
2856,12,1343.69,779.34
2856,00,2475.38,1776.66
2857,10,2608.56,3106.62
2857,11,2106.91,3060.04
2858,10,2633.64,3117.37
2858,11,2128.41,3074.37
2859,10,2547.64,752.47
2859,11,1931.93,871.91
2859,12,1254.11,842.05
2859,00,2397.75,1854.30
2859,02,1319.81,1558.68
2860,10,2561.98,3031.37
2860,11,2063.91,2995.54
2861,10,2558.39,3067.20
2861,11,2060.33,3027.79
2861,12,1200.37,2977.62
2862,10,2612.14,3142.45
2862,11,2111.09,3093.48
2863,10,1866.84,713.05
2863,11,1300.70,820.55
2863,12,605.56,670.05
2864,10,2708.89,2013.75
2864,11,2129.01,2030.47
2865,10,2522.56,3081.54
2865,11,2028.08,3045.70
2866,10,2010.17,652.14
2866,11,1433.27,766.80
2867,10,644.97,2956.12
2867,11,141.83,3120.35
2868,11,1900.00,3321.00
2868,12,1002.00,3267.00
2869,11,2132.40,3348.00
2869,12,1239.60,3289.20
2870,11,1879.00,3251.00
2870,12,986.00,3192.00
2871,11,2133.00,3340.00
2871,12,1241.00,3280.00
2872,11,1819.00,2536.00
2872,12,1012.00,2499.00
2873,11,2151.36,3343.68
2873,12,1257.12,3284.64
2874,11,2182.00,3358.00
2874,12,1288.00,3298.00
2875,11,2080.80,3337.92
2875,12,1188.00,3278.88
2876,11,2044.00,3334.00
2876,12,1151.00,3277.00
2877,11,2643.00,3339.00
2877,12,1734.00,3267.60
2878,11,2031.00,3333.00
2878,12,1137.00,3276.00
2879,11,1896.48,3333.60
2879,12,998.78,3279.74
2880,11,1768.00,3015.00
2880,12,899.00,2971.00
2881,11,1963.00,3069.00
2881,12,1096.00,3017.00
2881,02,1423.20,3760.80
2882,11,2047.00,3341.00
2882,12,1154.00,3284.00
2883,11,2236.80,3010.80
2883,12,1379.00,2963.00
2883,01,2224.80,3764.40
2883,02,1716.00,3664.00
2884,11,1866.00,3318.00
2884,12,966.00,3264.00
2885,11,1769.00,3083.00
2885,12,891.00,3035.00
2885,02,1227.00,3635.00
2886,11,2119.00,3343.00
2886,12,1226.00,3284.00
2887,11,2547.60,3307.20
2887,12,1647.00,3237.00
2887,02,2042.40,3954.00
2888,11,2540.40,3307.20
2888,12,1640.40,3236.40
2889,11,2544.00,3301.00
2889,12,1644.00,3230.00
2890,11,1817.00,2297.00
2890,12,1033.00,2252.00
2891,11,1893.00,3283.00
2891,12,997.00,3229.00
2892,11,2134.80,3037.20
2892,12,1274.00,2986.00
2892,02,1608.00,3704.00
2893,11,2155.68,3345.12
2893,12,1262.88,3284.64
2894,11,1897.34,3317.76
2894,12,999.48,3263.85
2895,11,2195.00,3347.00
2895,12,1302.00,3286.00
2896,11,2131.20,2970.72
2896,12,1279.20,2926.80
2896,02,1606.80,3637.20
2897,11,2197.00,3348.00
2897,12,1304.00,3287.00
2898,11,2125.00,3271.00
2898,12,1238.00,3208.00
2899,11,1792.80,2920.80
2899,12,914.46,3025.38
2899,02,1247.62,3623.62
2900,11,2148.00,3350.00
2900,12,1255.00,3291.00
2901,11,2152.00,3350.00
2901,12,1258.00,3291.00
2902,11,2194.00,3350.00
2902,12,1302.00,3289.00
2903,11,2198.00,3350.00
2903,12,1305.00,3289.00
2904,11,1819.00,2312.00
2904,12,1034.00,2267.00
2905,11,2167.00,3352.00
2905,12,1274.00,3292.00
2906,11,1965.60,3268.80
2906,12,1074.82,3208.90
2907,11,2184.00,3352.00
2907,12,1291.00,3291.00
2908,11,1822.00,2294.00
2908,12,1040.26,2249.86
2908,01,1747.20,2949.60
2908,02,1271.81,2915.14
2909,11,2164.32,3353.76
2909,12,1271.52,3294.72
2910,11,2137.00,3033.00
2910,12,1277.00,2983.00
2911,11,1880.00,2493.00
2911,12,1081.00,2457.00
2912,11,1713.00,2506.00
2912,12,948.00,2993.00
2913,11,2176.80,3358.80
2913,12,1282.80,3298.80
2914,11,2064.96,3265.92
2914,12,1177.80,3203.71
2915,11,1820.00,2496.00
2915,12,1018.00,2458.00
2916,11,1797.00,3253.00
2916,12,899.00,3196.00
2916,02,1236.00,3997.00
2917,11,1958.00,2488.00
2917,12,1161.22,2457.22
2917,02,1422.49,3122.84
2918,11,1940.40,2487.60
2918,12,1142.40,2455.20
2918,02,1402.80,3123.60
2919,11,2032.00,3264.00
2919,12,1144.00,3203.00
2920,11,1700.00,2493.00
2920,12,890.00,2450.00
2920,02,1147.00,3151.00
2921,11,2135.00,3032.00
2921,12,1275.00,2981.00
2921,02,1608.00,3698.40
2922,11,2091.60,3345.60
2922,12,1198.08,3287.52
2923,11,1889.05,3259.70
2923,12,997.40,3199.57
2924,11,1850.40,3241.20
2924,12,956.40,3182.40
2925,11,2007.00,3327.00
2925,12,1113.00,3270.00
2926,11,2459.00,3061.00
2926,12,1588.00,3013.00
2927,11,2099.52,2953.15
2927,12,1249.34,2908.22
2928,11,1922.00,3247.00
2928,12,1031.00,3188.00
2929,11,1945.00,3250.00
2929,12,1055.00,3190.00
2929,02,1399.00,3970.00
2930,11,1767.00,2542.00
2930,12,957.00,2503.00
2931,11,2017.00,2956.00
2931,12,1166.00,2913.00
2932,11,1802.00,2310.00
2932,12,1016.00,2264.00
2933,11,2482.00,3138.00
2933,12,1602.00,3083.00
2933,02,1972.00,3775.00
2934,11,1772.00,2484.00
2934,12,968.00,2443.00
2935,11,1862.40,2500.80
2935,12,1060.80,2466.00
2936,11,2537.00,3298.00
2936,12,1637.00,3227.00
2937,11,1847.00,2511.00
2937,12,1045.00,2475.00
2938,11,2959.20,1323.36
2938,12,2144.40,1399.20
2939,11,2112.00,3268.80
2939,12,1225.20,3206.40
2940,11,2083.00,2942.00
2940,12,1235.00,2897.00
2940,01,2052.00,3690.00
2941,11,1871.00,2530.00
2941,12,1067.00,2495.00
2942,11,1880.00,2530.00
2942,12,1077.00,2495.00
2943,11,2011.20,1832.40
2943,12,1260.00,1774.00
2944,11,1239.84,3562.56
2944,12,234.72,3535.20
2945,11,2069.00,3346.00
2945,12,1172.40,3288.00
2946,11,1941.00,2984.00
2946,12,1085.00,2939.00
2946,01,1892.00,3743.00
2947,11,2066.00,2946.00
2947,12,1218.00,2901.00
2948,11,2586.00,3388.00
2948,12,1677.00,3317.00
2949,11,2365.92,1820.16
2949,12,1594.80,1796.40
2949,01,2244.00,2408.40
2949,02,1753.20,2378.40
2950,11,1982.00,2988.00
2950,12,1126.80,2942.40
2951,11,2548.80,3303.60
2951,12,1647.60,3231.60
2951,02,2040.48,3947.04
2952,11,1353.60,714.00
2952,12,673.20,570.00
2953,11,1911.00,2071.00
2953,12,1152.00,2034.00
2954,11,1966.00,3057.00
2954,12,1101.00,3006.00
2955,11,1834.56,3323.52
2955,12,933.12,3271.10
2956,11,1821.00,2325.00
2956,12,1035.60,2281.20
2956,02,1270.80,2949.60
2957,11,2238.00,2986.00
2957,12,1384.00,2938.00
2958,11,2095.20,3340.80
2958,12,1202.40,3281.76
2959,11,1874.00,3331.00
2959,12,974.00,3279.00
2960,11,2483.00,3135.00
2960,12,1603.00,3080.00
2960,02,1973.00,3772.00
2961,11,2045.95,3015.36
2961,12,1190.59,2968.70
2962,11,1804.00,2312.00
2962,12,1413.37,3048.19
2963,11,2046.00,3335.00
2963,12,1153.00,3278.00
2964,11,2190.00,3205.00
2964,12,1312.00,3145.00
2965,11,2192.00,2976.00
2965,12,1339.20,2931.60
2965,01,2175.00,3727.00
2965,02,1670.40,3631.68
2966,11,1732.00,3088.00
2966,12,852.00,3040.00
2967,11,2084.40,1786.80
2967,12,1333.00,1736.00
2968,11,2048.40,3072.00
2968,12,1183.20,3020.40
2969,11,1816.00,2317.00
2969,12,1031.00,2272.00
2970,11,1805.00,2303.00
2970,12,1020.00,2257.00
2971,11,2594.88,2610.72
2971,12,1756.34,2610.66
2971,01,2617.92,3304.80
2972,11,2142.00,3339.00
2972,12,1250.00,3279.00
2973,11,2024.40,3031.20
2973,12,1164.00,2982.00
2973,02,1490.40,3712.32
2974,11,1725.00,3095.00
2974,12,842.00,3047.00
2975,11,2469.60,3214.80
2975,12,1582.00,3152.00
2975,02,1960.00,3862.00
2976,11,1663.19,3272.64
2976,12,756.05,3221.28
2977,11,2219.00,2984.00
2977,12,1364.00,2937.00
2978,11,2166.00,3345.00
2978,12,1273.00,3285.00
2979,11,1662.00,3257.00
2979,12,754.00,3205.00
2980,11,2602.08,2610.72
2980,12,1762.80,2612.40
2980,02,2082.24,3208.32
2981,11,1782.00,2537.00
2981,12,974.00,2499.00
2982,11,2152.00,3353.00
2982,12,1258.00,3294.00
2983,11,2243.00,2977.00
2983,12,1388.00,2930.00
2984,11,1890.00,2533.00
2984,12,1087.00,2499.00
2985,11,2214.00,1766.00
2985,12,1458.00,1723.00
2985,02,1608.00,2328.00
2986,11,1875.00,2483.00
2986,12,1076.00,2447.00
2987,11,1771.00,3040.00
2987,12,900.00,2995.00
2988,11,2208.00,3034.00
2988,12,1348.00,2984.00
2988,02,1686.00,3693.00
2989,11,1977.00,3251.00
2989,12,1089.00,3190.00
2990,11,2129.00,2035.00
2990,12,1359.00,1987.00
2991,11,2172.00,2966.00
2991,12,1321.00,2922.00
2992,11,1256.40,686.40
2992,12,571.00,521.00
2992,01,1161.00,1429.00
2993,11,1389.00,751.00
2993,12,708.00,615.00
2994,11,2116.00,1790.00
2994,12,1364.00,1742.00
2995,11,2832.00,1498.80
2995,12,2024.00,1548.00
2996,11,2069.00,3337.00
2996,12,1176.00,3279.00
2997,11,2149.00,2976.00
2997,12,1297.00,2932.00
2998,11,1828.00,2325.00
2998,12,1116.29,2450.30
2999,11,2030.40,789.12
2999,12,1354.06,781.75
2999,01,1860.00,1494.00
3000,11,1387.00,759.00
3000,12,705.00,623.00
3001,11,1860.00,2529.00
3001,12,1056.00,2494.00
3002,11,2195.00,2984.00
3002,12,1341.00,2938.00
3003,11,2088.00,3340.00
3003,12,1196.00,3281.00
3004,11,1858.80,680.40
3004,12,1195.20,642.00
3005,11,2586.00,3386.40
3005,12,1677.60,3315.60
3006,11,1341.60,720.00
3006,12,660.00,574.80
3007,11,2188.80,3354.00
3007,12,1296.00,3294.00
3008,11,2641.20,3348.00
3008,12,1731.60,3277.20
3009,11,2184.00,3348.00
3009,12,1291.20,3286.80
3010,11,2162.40,3345.60
3010,12,1269.60,3285.60
3011,11,2641.20,3344.40
3011,12,1732.80,3273.60
3011,02,2144.16,3985.92
3012,11,2149.20,3344.40
3012,12,1256.40,3285.60
3013,11,2144.16,3342.24
3013,12,1251.36,3281.76
3014,11,2005.20,3339.60
3014,12,1110.00,3284.40
3015,11,2047.20,3337.20
3015,12,1150.80,3280.80
3016,11,2022.00,3336.00
3016,12,1128.00,3279.60
3017,11,2018.40,3333.60
3017,12,1124.40,3276.00
3018,11,2006.40,3333.60
3018,12,1111.68,3277.44
3019,11,2000.40,3327.60
3019,12,1106.40,3271.20
3020,11,1903.68,872.64
3020,12,1225.44,836.64
3021,11,1837.20,3327.60
3021,12,936.00,3276.00
3022,11,1897.20,3319.20
3022,12,1000.80,3264.00
3023,11,1868.40,3319.20
3023,12,969.60,3266.40
3024,11,1834.80,3319.20
3024,12,933.60,3266.40
3025,11,1837.20,3315.60
3025,12,936.00,3262.80
3026,11,2956.80,1326.00
3026,12,2142.00,1401.60
3026,01,2768.40,1918.80
3027,11,1809.22,3310.85
3027,12,906.16,3259.70
3028,11,2818.80,1592.40
3028,12,2006.00,1634.00
3029,11,1890.00,3284.40
3029,12,996.00,3229.20
3030,11,2104.80,3273.60
3030,12,1218.00,3211.20
3031,11,2076.00,3272.40
3031,12,1189.20,3211.20
3031,02,1545.12,3978.72
3032,11,2071.20,3271.20
3032,12,1183.20,3210.00
3033,11,2068.80,3270.00
3033,12,1180.80,3208.80
3034,11,1663.20,3267.60
3034,12,754.56,3215.52
3035,11,2039.04,3264.19
3035,12,1150.85,3201.64
3036,11,2025.60,3262.80
3036,12,1137.60,3201.12
3037,11,1968.00,3262.80
3037,12,1077.60,3202.80
3038,11,1928.40,3253.20
3038,12,1036.80,3194.40
3039,11,1797.60,3252.00
3039,12,900.00,3195.36
3040,11,2120.40,1794.00
3040,12,1367.00,1746.00
3041,11,2554.56,3301.92
3041,12,1653.12,3229.92
3042,11,1767.60,3114.00
3042,12,885.60,3063.60
3043,11,2360.40,1832.40
3043,12,1586.40,1807.20
3043,02,1746.00,2390.40
3044,11,2358.00,1846.80
3044,12,1585.20,1821.60
3045,11,2366.40,1878.00
3045,12,1589.00,1849.00
3046,11,1765.20,3085.20
3046,12,887.00,3037.00
3046,02,1208.40,3810.00
3047,11,2470.80,3084.00
3047,12,1597.20,3033.60
3047,02,1960.80,3717.60
3048,11,2328.00,3084.00
3048,12,1460.00,3029.00
3048,01,2327.62,3848.26
3048,02,1811.00,3731.00
3049,11,2260.22,1949.18
3049,12,1490.40,1919.52
3050,11,1962.00,3067.20
3050,12,1095.60,3018.00
3051,11,2685.60,2116.80
3051,12,1867.00,2144.00
3052,11,1768.80,3042.00
3052,12,897.12,2996.64
3052,02,1214.78,3758.40
3053,11,2166.00,3039.60
3053,12,1305.60,2990.40
3054,11,1766.40,3038.40
3054,12,894.00,2992.80
3055,11,1821.60,2283.60
3055,12,1039.20,2238.00
3056,11,2118.00,2997.60
3056,12,1262.40,2950.80
3057,11,1821.60,2298.00
3057,12,1038.00,2252.40
3058,11,1801.20,2304.00
3058,12,1016.40,2257.20
3059,11,1829.00,2303.00
3059,12,1045.20,2258.40
3059,01,1756.80,2959.20
3059,02,1279.20,2924.40
3060,11,1942.80,2980.80
3060,12,1086.00,2936.40
3061,11,1817.86,2329.34
3061,12,1031.62,2286.14
3062,11,2108.40,2962.80
3062,12,1259.00,2918.00
3062,01,2080.80,3712.80
3062,02,1584.00,3627.00
3063,11,2103.84,2959.20
3063,12,1255.68,2914.56
3064,11,2065.20,2958.00
3064,12,1217.00,2915.00
3064,02,1539.60,3628.80
3065,11,2060.00,2957.00
3065,12,1209.60,2913.12
3065,01,2026.00,3707.00
3066,11,2049.12,2954.88
3066,12,1200.96,2910.24
3067,11,1938.82,2502.84
3067,12,1140.48,2469.66
3068,11,1827.60,2341.20
3068,12,1040.40,2298.00
3069,11,2206.80,2952.00
3069,12,1356.00,2907.00
3069,02,1684.00,3603.00
3070,11,2064.00,2935.20
3070,12,1216.80,2890.80
3071,11,1771.20,2930.40
3071,12,914.00,2892.00
3071,02,1223.00,3637.00
3072,11,1860.00,2364.00
3072,12,1069.92,2324.16
3073,11,2405.38,1890.43
3073,12,1624.00,1862.00
3073,01,2286.14,2477.95
3074,11,2599.20,2613.60
3074,12,1759.20,2614.80
3075,11,1893.60,2468.40
3075,12,1097.00,2432.00
3075,02,1353.00,3104.00
3076,11,1911.17,3322.94
3076,12,1012.61,3265.92
3077,11,1880.40,2482.80
3077,12,1081.20,2446.80
3078,11,1956.96,2486.88
3078,12,1160.40,2454.00
3078,01,1905.98,3169.15
3079,11,1753.20,2528.40
3079,12,943.20,2488.32
3080,11,2036.40,267.60
3080,12,1399.20,282.00
3081,11,1960.80,2488.80
3081,12,1164.00,2456.40
3082,11,1699.20,2490.00
3082,12,889.00,2446.00
3082,02,1146.00,3147.00
3083,11,1734.00,2514.00
3083,12,924.00,2473.20
3084,11,1866.24,2509.92
3084,12,1064.16,2473.92
3085,11,1716.00,2506.80
3085,12,905.76,2463.84
3086,11,1866.24,2496.96
3086,12,1065.60,2460.96
3087,11,1711.20,2503.20
3087,12,902.40,2462.40
3087,01,1640.40,3198.00
3088,11,1804.32,2304.00
3088,12,1019.52,2257.92
3089,11,1828.22,2305.15
3089,12,1045.44,2260.22
3090,11,2141.28,2983.68
3090,12,1288.80,2939.04
3090,01,2118.53,3737.66
3091,11,2221.92,748.80
3091,12,1536.00,768.00
3092,11,1954.37,2476.22
3092,12,1157.76,2443.39
3092,01,1901.49,3158.09
3093,11,2183.04,3346.56
3093,12,1290.24,3286.08
3094,11,819.36,2244.96
3094,12,756.45,629.55
3095,11,2550.53,3305.66
3095,12,1650.24,3234.82
3096,11,1895.04,2484.00
3096,12,1096.80,2449.20
3096,02,1354.80,3123.60
3097,11,1941.12,2486.88
3097,12,1143.36,2453.76
3098,11,1821.60,2492.64
3098,12,1019.52,2455.20
3099,11,2063.52,3343.68
3099,12,1170.72,3287.52
3100,11,1712.16,2507.04
3100,12,901.44,2465.28
3100,01,1638.14,3198.53
3101,11,2700.00,1632.96
3101,12,1902.00,1663.00
3102,11,2063.52,3337.92
3102,12,1170.72,3280.32
3103,11,2005.92,3326.40
3103,12,1111.68,3268.80
3104,11,2061.50,2970.43
3104,12,1211.04,2926.08
3104,01,2027.98,3724.19
3105,11,1897.92,3317.76
3105,12,999.36,3264.48
3106,11,2639.52,3340.80
3106,12,1728.00,3269.38
3107,11,1817.28,2933.28
3107,12,964.80,2895.84
3108,11,2214.72,2980.80
3108,12,1360.80,2933.28
3109,11,2232.00,2980.80
3109,12,1378.80,2932.80
3109,02,1711.20,3630.00
3110,11,2239.20,2982.24
3110,12,1383.84,2936.16
3111,11,1815.84,3009.60
3111,12,951.84,2966.40
3111,01,1752.19,3779.14
3112,11,1877.76,2488.32
3112,12,1078.56,2452.32
3113,11,1768.32,3013.92
3113,12,900.00,2970.72
3113,01,1698.62,3786.05
3114,11,1882.08,2485.44
3114,12,1082.88,2449.44
3114,02,1342.08,3126.24
3115,11,2131.66,3035.75
3115,12,1271.12,2985.98
3116,11,1817.28,2484.00
3116,12,1016.64,2445.12
3117,11,2191.68,3348.00
3117,12,1298.88,3286.08
3118,11,2570.93,217.98
3118,12,1883.52,343.87
3118,02,1816.13,1043.71
3119,11,1886.40,3258.72
3119,12,991.87,3198.53
3120,11,1785.60,3083.04
3120,12,908.93,3034.37
3121,11,2069.28,3265.92
3121,12,1182.24,3204.00
3122,11,1816.13,3151.87
3122,12,933.12,3100.03
3122,02,1260.75,3875.56
3123,11,1947.46,3260.74
3123,12,1057.54,3203.71
3124,11,2134.08,3028.32
3124,12,1274.40,2977.92
3125,11,1946.88,2986.56
3125,12,1087.20,2938.80
3126,11,1830.24,2340.00
3126,12,1042.56,2295.36
3127,11,2037.60,3008.16
3127,12,1177.92,2962.08
3127,02,1503.36,3687.55
3128,11,2196.00,2944.80
3128,12,1344.96,2898.72
3129,11,2270.59,174.18
3129,12,1623.63,230.17
3130,11,1935.36,3028.32
3130,12,1071.36,2976.48
3130,02,1391.04,3716.93
3131,11,1382.40,583.20
3131,12,717.12,443.52
3132,11,1899.36,2508.48
3132,12,1098.72,2473.92
3133,11,2180.16,2973.60
3133,12,1327.68,2928.96
3133,02,1660.61,3630.53
3134,11,2312.64,2293.92
3134,12,1519.20,2268.00
3134,02,1758.24,2869.92
3135,11,2082.24,3026.88
3135,12,1221.70,2977.34
3135,02,1551.05,3699.30
3136,11,1990.08,3068.64
3136,12,1124.64,3016.80
3136,01,1944.00,3839.62
3137,11,1512.00,3585.60
3137,12,548.64,3548.16
3137,02,2390.86,2094.34
3138,11,1866.24,688.32
3138,12,1203.84,652.32
3138,02,1254.00,1404.00
3139,11,825.98,2128.90
3139,12,830.10,686.78
3140,11,2106.43,2958.34
3140,12,1256.60,2913.41
3140,02,1580.08,3622.58
3141,11,1850.69,2479.68
3141,12,1051.32,2440.63
3142,11,1907.71,2507.33
3142,12,1107.65,2474.50
3143,11,2068.42,2963.52
3143,12,1216.51,2918.59
3144,11,2192.83,2965.25
3144,12,1342.66,2920.32
3144,01,2177.28,3713.82
3145,11,1700.35,2490.05
3145,12,891.65,2446.85
3145,02,1147.39,3148.42
3146,11,2118.53,3347.14
3146,12,1143.94,3284.93
3147,11,2058.05,1781.57
3147,12,1309.82,1729.73
3148,11,2139.96,2973.54
3148,12,1288.95,2928.75
3149,11,1346.11,589.25
3149,12,675.99,441.68
3149,01,1239.84,1347.84
3150,11,2230.85,2287.87
3150,12,1444.32,2260.80
3151,11,2130.62,2977.34
3151,12,1278.72,2930.69
3152,11,2214.61,2979.76
3152,12,1360.28,2932.07
3153,11,2422.66,1817.86
3153,12,1644.48,1798.56
3154,11,1793.66,3113.86
3154,12,912.96,3064.32
3155,11,2576.45,146.88
3155,12,1895.04,272.16
3156,11,2009.66,1845.50
3156,12,1257.98,1790.21
3156,02,1425.60,2419.20
3157,11,1926.72,3257.28
3157,12,1036.80,3198.53
3158,11,2079.82,2998.43
3158,12,1223.42,2950.73
3159,11,1772.93,2999.81
3159,12,905.76,2957.76
3160,11,2654.21,3329.86
3160,12,1745.28,3257.28
3161,11,2001.02,3326.05
3161,12,1105.23,3272.14
3162,11,1900.80,3329.86
3162,12,1002.24,3276.29
3163,11,2236.03,3010.18
3163,12,1378.08,2963.52
3164,11,1736.64,2514.24
3164,12,927.94,2472.77
3165,11,1785.02,2510.78
3165,12,978.05,2471.04
3166,11,2090.88,3018.82
3166,12,1233.79,2970.43
3166,02,1562.11,3691.01
3167,11,2218.75,2973.89
3167,12,1366.85,2927.23
3168,11,1798.85,2488.32
3168,12,995.33,2450.30
3169,11,1716.00,2509.20
3169,12,904.09,2465.51
3169,01,1644.00,3202.80
3169,02,1163.29,3164.31
3170,11,1924.99,2505.60
3170,12,1124.93,2471.04
3170,02,1387.24,3143.58
3171,11,1881.17,2502.26
3171,12,1036.80,2260.22
3171,02,1270.08,2927.23
3172,11,1715.90,2505.60
3172,12,905.47,2462.40
3173,11,1710.72,2505.60
3173,12,900.29,2462.40
3174,11,1823.04,2336.26
3174,12,1037.63,2294.23
3174,01,1752.19,2998.43
3175,11,2547.07,3303.94
3175,12,1646.78,3233.09
3176,11,2056.32,3262.46
3176,12,1168.13,3201.98
3177,11,1928.45,3030.91
3177,12,1064.45,2979.07
3178,11,1816.13,2490.05
3178,12,1014.34,2452.03
3179,11,2156.54,1923.26
3179,12,1391.04,1873.15
3180,11,1829.95,2322.43
3180,12,1045.44,2279.23
3181,11,1814.40,2481.41
3181,12,1012.61,2441.66
3182,11,1909.44,2479.68
3182,12,1111.10,2445.12
3183,11,1812.33,3048.19
3183,12,941.41,3002.57
3184,11,2234.30,653.18
3184,12,1555.20,675.65
3185,11,2906.50,1594.94
3185,12,2079.36,1640.16
3186,11,2236.03,2968.70
3186,12,1382.40,2922.05
3187,11,2227.39,224.64
3187,12,1579.39,278.21
3187,02,1537.92,1036.80
3188,11,1973.38,3259.01
3188,12,1083.46,3198.53
3189,11,1770.85,2983.91
3189,12,906.16,2942.44
3190,11,1850.69,2510.78
3190,12,1047.17,2473.81
3190,02,1308.44,3156.02
3191,11,1770.85,2917.56
3191,12,916.53,2880.23
3192,11,1976.72,680.80
3192,12,1311.34,666.87
3193,11,1387.24,752.72
3193,12,707.10,617.93
3194,11,2434.41,3106.25
3194,12,1559.35,3044.05
3195,11,1938.82,2480.03
3195,12,1142.55,2446.85
3196,11,2019.69,2956.95
3196,12,1167.44,2913.41
3196,01,1980.70,3707.60
3197,11,1399.68,740.28
3197,12,721.61,607.56
3198,11,2185.92,2963.52
3198,12,1333.32,2917.56
3198,01,2166.91,3711.74
3199,11,2565.46,214.00
3199,12,1880.76,338.00
3200,11,2052.86,2952.81
3200,12,1204.76,2909.26
3200,01,2018.03,3702.62
3201,11,1953.33,2484.17
3201,12,1157.07,2451.00
3202,11,2081.89,1787.44
3202,12,1329.36,1737.84
3202,01,1959.55,2380.49
3203,11,2224.97,2977.69
3203,12,1370.65,2930.00
3204,11,2077.75,2981.84
3204,12,1225.50,2936.22
3205,11,2139.96,2981.84
3205,12,1285.63,2936.22
3206,11,2247.78,2983.91
3206,12,1391.39,2936.22
3206,01,2237.00,3729.99
3206,02,1726.89,3630.46
3207,11,2604.44,2610.66
3207,12,1764.29,2612.74
3208,11,2355.61,1839.28
3208,12,1584.58,1812.67
3209,11,2191.80,2992.21
3209,12,1337.47,2944.51
3210,11,1862.09,3315.69
3210,12,962.15,3261.77
3211,11,2235.91,648.56
3211,12,1555.70,671.85
3212,11,1799.89,2506.98
3212,12,995.33,2469.66
3213,11,1959.55,2482.10
3213,12,1163.29,2448.92
3213,01,1908.54,3165.14
3214,11,2114.08,2997.93
3214,12,1260.09,2956.12
3215,11,1935.36,2492.64
3215,12,1138.41,2459.29
3215,01,1754.00,2999.00
3216,11,1959.55,2488.32
3216,12,1161.22,2457.22
3217,11,1702.43,2488.32
3217,12,891.65,2444.77
3218,11,2036.28,2813.88
3218,12,1208.91,2793.14
3219,11,1880.76,2486.25
3219,12,1046.40,2260.80
3220,11,1696.21,2486.25
3220,12,887.50,2440.63
3221,11,1818.55,2336.95
3221,12,1032.65,2293.40
3222,11,2135.81,3342.64
3222,12,1244.16,3282.51
3223,11,1907.71,2480.03
3223,12,1109.38,2444.77
3223,02,1368.58,3116.62
3224,11,1793.66,3112.47
3224,12,914.46,3062.71
3224,02,1239.18,3834.50
3225,11,1329.18,715.39
3225,12,644.48,567.34
3226,11,2397.15,1888.34
3226,12,1615.42,1860.27
3227,11,2195.94,2278.89
3227,12,1410.05,2249.86
3228,11,2229.12,2287.18
3228,12,1441.15,2258.15
3229,11,2264.57,247.24
3229,12,1612.43,308.15
3229,02,1570.63,1057.04
3230,11,2054.94,3068.93
3230,12,1188.86,3015.36
3231,11,1240.01,690.51
3231,12,553.65,522.55
3231,02,667.70,1389.31
3232,11,2572.92,179.16
3232,12,1888.64,301.09
3233,11,2573.34,178.33
3233,12,1889.05,300.67
3234,11,2368.05,1884.90
3234,12,1589.76,1853.28
3234,02,1755.36,2436.48
3235,11,2168.99,3046.12
3235,12,1308.44,2996.35
3236,11,2386.71,443.75
3236,12,1896.00,274.00
3237,11,1855.87,827.37
3237,12,1181.95,785.89
3238,11,2106.78,2158.62
3238,12,1331.25,2121.29
3239,11,1942.96,877.13
3239,12,1264.90,850.18
3240,11,2400.73,1759.34
3240,12,1630.35,1743.82
3240,01,2271.74,2346.98
3241,11,1437.01,750.64
3241,12,758.59,623.81
3241,02,858.24,1445.76
3242,11,2009.32,3006.72
3242,12,1152.09,2958.61
3243,11,2175.21,3052.34
3243,12,1312.59,3000.50
3244,11,2009.32,1833.06
3244,12,1258.68,1777.08
3244,02,1424.56,2407.45
3245,11,2266.45,205.29
3245,12,1619.90,258.79
3246,11,1816.47,2320.36
3246,12,1030.58,2276.81
3247,11,1816.47,2328.65
3247,12,1030.58,2285.11
3248,11,1971.99,684.29
3248,12,1306.37,669.77
3249,11,2276.81,3089.66
3249,12,1408.32,3034.37
3249,02,1756.34,3742.85
3250,11,1510.91,3562.28
3250,12,549.42,3523.46
3251,11,2132.49,2961.10
3251,12,1281.49,2916.31
3251,01,2108.11,3711.58
3252,11,2008.07,1833.89
3252,12,1257.10,1776.66
3253,11,2189.72,3346.79
3253,12,1012.75,3269.65
3254,11,2651.55,3326.39
3254,12,1743.82,3254.72
3255,11,1903.57,3326.88
3255,12,1012.75,3274.63
3256,11,1821.45,3324.40
3256,12,919.68,3272.64
3257,11,1861.26,3321.91
3257,12,962.98,3269.65
3258,11,2396.25,1891.12
3258,12,1614.92,1861.26
3259,11,1841.36,3319.42
3259,12,940.59,3267.17
3260,11,2314.14,1940.89
3260,12,1537.78,1906.05
3261,11,2351.46,1940.89
3261,12,1570.13,1906.05
3262,11,1353.65,579.78
3262,12,681.80,435.46
3263,11,1336.23,589.73
3263,12,664.38,440.43
3264,11,1888.64,3254.72
3264,12,995.33,3195.00
3265,11,1664.69,3254.72
3265,12,755.45,3200.98
3266,11,1794.08,3249.75
3266,12,895.80,3192.02
3267,11,2271.74,171.99
3267,12,1624.38,226.93
3267,02,1573.61,991.35
3268,11,1826.43,3239.79
3268,12,933.12,3180.07
3269,11,2567.95,189.11
3269,12,1883.66,316.02
3270,11,2421.63,206.03
3270,12,1730.68,455.06
3270,02,1694.84,1150.20
3271,11,1809.01,3080.54
3271,12,935.61,3033.26
3271,02,1257.10,3798.17
3272,11,2264.37,2291.74
3272,12,1476.40,2264.37
3272,02,1712.79,2871.94
3273,11,1771.68,3078.05
3273,12,893.31,3030.77
3274,11,1823.94,2316.63
3274,12,1037.63,2271.84
3275,11,2271.84,218.97
3275,12,1619.90,281.18
3276,11,1940.89,3048.19
3276,12,1074.95,2995.94
3277,11,1813.99,3045.70
3277,12,943.07,3000.91
3278,11,2249.44,641.99
3278,12,1569.72,667.70
3278,02,1579.39,1366.85
3279,11,2256.91,3023.31
3279,12,1395.95,2973.54
3279,01,2245.46,3777.27
3280,11,2232.02,3008.38
3280,12,1374.80,2961.10
3281,11,1878.68,2480.86
3281,12,1079.93,2446.02
3282,11,1704.50,2488.32
3282,12,895.80,2445.52
3283,11,2214.61,2978.52
3283,12,1361.11,2931.24
3284,11,1706.99,2505.74
3284,12,895.80,2463.44
3285,11,2144.93,2971.05
3285,12,1293.93,2928.75
3286,11,1857.28,680.80
3286,12,1194.39,644.48
3286,01,1699.52,1408.39
3286,02,1246.23,1397.61
3287,11,2164.84,2962.10
3287,12,1313.83,2918.80
3287,01,2142.74,3719.34
3288,11,2192.91,2948.96
3288,12,1343.69,2902.38
3289,11,2062.82,2946.17
3289,12,1214.30,2901.38
3290,11,2085.21,2943.68
3290,12,1236.70,2901.38
3290,01,2057.34,3693.66
3290,02,1557.69,3608.06
3291,11,1791.59,2921.29
3291,12,938.10,2883.96
3292,11,2209.63,741.52
3292,12,1525.34,761.43
3293,11,2640.11,3336.84
3293,12,1731.46,3265.92
3294,11,1833.89,3321.91
3294,12,933.12,3269.65
3295,11,1906.05,2508.23
3295,12,1107.30,2473.39
3296,11,2105.12,2159.86
3296,12,1331.25,2122.54
3297,11,2465.93,3214.91
3297,12,1580.08,3151.87
3298,11,2594.82,2618.71
3298,12,1754.27,2620.20
3298,01,2618.71,3311.46
3299,11,2538.09,734.05
3299,12,1823.94,806.22
3300,11,2111.09,2965.08
3300,12,1260.09,2920.29
3300,02,1587.35,3629.76
3301,11,1797.56,2502.26
3301,12,991.87,2464.13
3301,02,1251.07,3151.87
3302,11,2103.33,2153.49
3302,12,1329.36,2114.08
3303,11,2129.01,2971.05
3303,12,1275.02,2926.27
3303,02,1601.68,3633.35
3304,11,2069.29,2953.14
3304,12,1218.28,2908.35
3305,11,2048.39,2950.15
3305,12,1197.38,2905.36
3305,01,2013.75,3701.43
3306,11,2272.33,170.20
3306,12,1624.38,226.93
3307,11,2272.33,235.89
3307,12,1618.40,298.60
3308,11,2609.75,173.19
3308,12,1920.98,308.55
3309,11,1934.92,2977.03
3309,12,1077.94,2932.24
3310,11,2573.92,182.15
3310,12,1890.13,304.57
3311,11,2272.33,217.98
3311,12,1618.40,280.68
3311,02,1572.62,1032.65
3312,11,2036.44,2809.81
3312,12,1209.32,2788.91
3313,11,1797.56,2490.31
3313,12,994.33,2451.49
3314,11,1908.04,3245.77
3314,12,1015.23,3186.05
3315,11,1937.90,2490.31
3315,12,1137.66,2454.48
3315,01,1884.75,3174.70
3316,11,1914.02,2496.28
3316,12,1113.77,2463.44
3317,11,1436.86,756.05
3317,12,756.05,630.64
3318,11,1713.96,2502.26
3318,12,904.75,2460.45
3318,01,1641.10,3196.20
3319,11,2131.99,3033.76
3319,12,1271.53,2983.50
3319,02,1603.47,3702.62
3320,11,2266.36,244.85
3320,12,1609.94,306.06
3321,11,1773.68,3042.12
3321,12,906.54,2999.12
3322,11,1797.56,3111.40
3322,12,916.70,3060.63
3322,01,1727.09,3898.50
3323,11,2048.39,1767.70
3323,12,1301.89,1716.94
3324,11,2349.97,2281.29
3324,12,1552.71,2260.39
3325,11,2090.19,1791.59
3325,12,1337.72,1740.83
3326,11,2282.49,2286.07
3326,12,1492.99,2263.38
3327,11,1337.72,591.22
3327,12,665.87,441.93
3328,11,2057.34,3069.59
3328,12,1191.41,3015.84
3328,02,1522.85,3750.40
3329,11,2042.41,1881.17
3329,12,1286.96,1827.42
3329,02,1460.15,2451.49
3330,11,2361.91,1866.24
3330,12,1585.56,1836.38
3331,11,1498.96,695.73
3331,12,830.10,582.27
3332,11,2281.29,3090.49
3332,12,1410.88,3035.75
3333,11,2030.47,2991.96
3333,12,1173.49,2944.18
3334,11,2134.98,3344.30
3334,12,1221.70,3208.90
3335,11,1848.32,680.80
3335,12,1185.44,639.00
3336,11,2246.66,189.91
3336,12,1601.68,243.66
3336,02,1552.71,1009.26
3337,11,2129.01,2149.91
3337,12,1355.64,2114.08
3338,11,2305.18,3021.82
3338,12,1439.24,2971.05
3338,02,1782.63,3666.79
3339,11,1917.00,582.27
3339,12,1260.09,558.38
3340,11,2049.58,2956.12
3340,12,1196.78,2909.54
3341,11,2060.33,2956.12
3341,12,1211.12,2913.13
3342,11,2085.41,1877.59
3342,12,1329.36,1827.42
3343,11,2035.25,2805.63
3343,12,1207.53,2787.72
3344,11,2135.58,2963.29
3344,12,1286.36,2916.71
3345,11,1501.35,709.47
3345,12,827.72,598.39
3345,01,1379.53,1442.23
3346,11,1340.11,713.05
3346,12,655.72,566.14
3346,02,761.43,1412.37
3347,11,1501.35,3558.10
3347,12,541.06,3518.68
3348,11,2425.81,1838.17
3348,12,1645.28,1815.48
3349,11,1931.33,3031.37
3349,12,1067.79,2981.21
3350,11,2110.49,2966.87
3350,12,1257.70,2920.29
3351,11,2067.50,2934.63
3351,12,1218.28,2891.63
3352,11,2404.31,1884.75
3352,12,1623.18,1852.51
3353,11,1927.75,3257.11
3353,12,1035.54,3199.78
3354,11,2357.73,1856.09
3354,12,1582.57,1827.42
3354,02,1746.80,2412.68
3355,11,2228.74,3006.29
3355,12,1372.36,2959.71
3356,11,2260.99,1945.67
3356,12,1494.19,1917.00
3356,02,1673.35,2511.81
3357,11,1909.84,881.46
3357,12,1225.45,845.63
3358,11,1985.08,2999.12
3358,12,1128.70,2952.54
3359,11,2651.55,3325.19
3359,12,1741.43,3253.53
3360,11,2296.82,2999.12
3360,12,1436.86,2948.96
3361,11,2038.83,2970.46
3361,12,1186.03,2927.46
3362,11,1859.67,684.39
3362,12,1196.78,648.56
3362,02,1248.14,1400.43
3363,11,2092.58,1791.59
3363,12,1340.11,1741.43
3363,01,1970.75,2382.82
3364,11,2318.32,1942.08
3364,12,1540.77,1905.06
3364,01,2214.41,2533.31
3365,11,2028.08,791.88
3365,12,1354.44,784.72
3366,11,2042.41,2809.21
3366,12,1214.70,2787.72
3367,11,2357.73,2239.49
3367,12,1555.70,2230.53
3367,01,2296.82,2884.46
3368,11,2400.73,1759.34
3368,12,1626.76,1741.43
3368,02,1777.26,2318.32
3369,11,1906.25,3246.36
3369,12,1014.04,3185.45
3370,11,2386.40,1891.92
3370,12,1606.46,1866.24
3370,01,2268.15,2479.56
3371,11,2275.32,1942.08
3371,12,1504.94,1906.25
3372,11,2153.49,1920.59
3372,12,1390.27,1870.42
3373,11,2056.75,1770.09
3373,12,1307.86,1716.34
3374,11,1938.50,1805.92
3374,12,1193.20,1745.01
3375,11,2432.98,3120.95
3375,12,1555.10,3060.04
3375,02,1920.59,3751.59
3376,11,1848.92,677.22
3376,12,1186.03,641.39
3377,11,1354.44,580.48
3377,12,684.39,437.15
3378,11,2468.81,3221.28
3378,12,1582.57,3159.17
3379,11,2017.33,788.30
3379,12,1343.69,777.55
3380,11,2343.40,1949.25
3380,12,1562.27,1913.42
3381,11,2124.83,2149.91
3381,12,1350.86,2114.08
3381,02,1562.27,2730.38
3382,11,1938.50,601.97
3382,12,1282.78,584.06
3382,02,1313.83,1334.74
3383,11,2124.83,3027.79
3383,12,1266.06,2977.03
3384,11,1497.77,695.14
3384,12,827.72,580.48
3385,11,2526.14,741.72
3385,12,1812.49,812.19
3386,11,2253.82,637.81
3386,12,1573.61,662.89
3387,11,1995.83,3070.79
3387,12,1128.70,3017.04
3388,00,2325.00,1823.00
3388,10,2474.40,708.00
3389,00,2690.00,2734.00
3389,10,2713.00,1753.00
3390,00,2653.20,2730.00
3390,10,2676.00,1747.20
3391,00,1755.00,1829.00
3391,10,1822.80,694.80
3392,00,2799.00,2702.00
3392,10,2831.00,1731.00
3393,00,2470.00,1623.00
3393,10,2674.80,459.60
3394,00,1752.19,1831.68
3394,10,1820.62,696.73
3395,00,2575.00,2782.00
3395,10,2588.00,1794.00
3396,00,1423.20,3987.60
3396,10,1434.00,2740.00
3397,00,1260.00,3208.00
3397,10,2406.70,3042.72
3398,00,1295.00,3094.00
3398,10,1321.00,2043.00
3399,00,1877.00,1779.00
3399,10,1969.20,633.60
3400,00,1915.20,1774.80
3400,10,2014.56,630.72
3401,00,2418.00,3368.40
3401,10,2379.46,2481.41
3402,00,2470.00,1768.00
3402,10,2647.20,646.80
3403,00,2466.00,1758.00
3403,10,2643.84,633.60
3404,00,2758.00,2878.00
3404,10,2756.00,1894.00
3405,00,2312.00,1696.00
3405,10,2479.20,544.80
3406,00,2794.80,1298.40
3406,10,2433.02,2049.41
3407,00,1839.00,1750.00
3407,10,1927.20,595.20
3408,00,1204.00,3216.00
3408,10,1240.00,2148.00
3409,00,294.00,3646.00
3409,10,417.00,2467.00
3410,00,2676.00,1725.00
3410,10,2894.40,607.20
3411,00,1974.00,1728.00
3411,10,2086.56,571.68
3412,00,2470.00,1740.00
3412,10,2652.00,612.00
3413,00,2411.00,3357.00
3413,10,2364.48,2491.20
3414,00,1754.00,1734.00
3414,10,1830.00,570.00
3415,00,358.32,3701.43
3415,10,480.74,2505.24
3416,00,1901.00,1772.00
3416,10,1998.00,626.00
3417,00,2748.00,1612.00
3417,10,410.00,3332.00
3418,00,2667.60,2847.60
3418,10,2665.44,1859.04
3419,00,734.40,3946.80
3419,10,839.00,2699.00
3420,00,2775.60,2871.60
3420,10,2774.40,1888.80
3421,00,2942.40,2912.40
3421,10,2927.00,1931.00
3422,00,2416.80,3430.80
3422,10,2330.00,2334.00
3423,00,2361.60,3681.60
3423,10,2254.00,2528.00
3424,00,2406.00,3379.20
3424,10,2326.00,2292.00
3425,00,1258.80,3204.00
3425,10,1291.00,2139.00
3426,00,1821.60,1650.00
3426,10,1916.64,462.24
3427,00,2318.40,3642.00
3427,10,2220.00,2497.00
3428,00,1821.60,1659.60
3428,10,1915.20,473.76
3429,00,2310.34,1695.17
3429,10,2477.95,545.36
3430,00,2308.32,3602.88
3430,10,2214.00,2467.20
3431,00,2314.80,3603.60
3431,10,2345.00,2473.00
3432,00,2400.00,3626.40
3432,10,2293.00,2487.00
3433,00,2598.00,3624.00
3433,10,2315.00,2482.00
3434,00,1206.00,1814.40
3434,10,1183.68,656.64
3435,00,2398.80,3619.20
3435,10,2293.00,2481.00
3436,00,1790.40,1674.00
3436,10,1876.80,492.00
3437,00,1252.80,3841.92
3437,10,1293.00,2641.00
3438,00,1225.44,3263.04
3438,10,1261.44,2188.80
3439,00,1882.08,1769.76
3439,10,1976.83,622.08
3440,00,2295.36,3625.92
3440,10,2200.80,2484.00
3441,00,2478.37,3627.97
3441,10,2334.00,2275.20
3442,00,1216.80,3214.08
3442,10,2637.00,3021.00
3443,00,2351.52,3641.76
3443,10,2248.80,2497.20
3444,00,2456.64,3445.92
3444,10,2366.40,2344.80
3445,00,1863.36,1644.48
3445,10,1965.77,456.19
3446,00,2423.52,3417.12
3446,10,2337.60,2322.00
3447,00,1261.44,3156.48
3447,10,1292.40,2098.80
3448,00,2419.20,3417.12
3448,10,2334.00,2323.20
3449,00,2466.72,1643.04
3449,10,2668.32,482.40
3450,00,1853.28,1643.04
3450,10,1954.37,452.74
3451,00,2008.80,1671.84
3451,10,2134.08,499.39
3452,00,1236.96,3456.00
3452,10,1275.84,2347.20
3453,00,2512.80,3686.40
3453,10,2386.80,2534.40
3454,00,2423.52,1692.00
3454,10,2609.28,544.32
3455,00,2324.16,1819.58
3455,10,2473.81,705.02
3456,00,2485.44,3686.40
3456,10,2362.80,2533.20
3457,00,2373.12,1867.68
3457,10,2521.15,768.96
3458,00,2384.64,3352.32
3458,10,2310.00,2270.40
3459,00,2773.44,2848.32
3459,10,2776.32,1867.68
3460,00,2405.38,3369.60
3460,10,2381.32,2498.27
3461,00,2280.96,3594.24
3461,10,2190.24,2459.52
3462,00,2496.96,3618.43
3462,10,2380.32,2482.56
3463,00,2592.00,2813.18
3463,10,2598.91,1823.04
3464,00,2529.79,3606.34
3464,10,2414.02,2474.50
3465,00,2306.88,3602.88
3465,10,2213.28,2469.60
3466,00,2315.52,3595.97
3466,10,2220.48,2460.96
3467,00,2420.93,3424.90
3467,10,2334.24,2329.92
3468,00,2426.11,3423.17
3468,10,2340.00,2327.04
3469,00,2405.38,1864.17
3469,10,2557.99,766.40
3470,00,2469.31,1555.20
3470,10,2687.39,367.03
3471,00,1442.88,1102.46
3471,10,2570.40,3323.52
3472,00,281.66,3651.26
3472,10,407.52,2469.60
3473,00,2149.63,1771.20
3473,10,2283.03,636.60
3474,00,2433.02,1791.94
3474,10,2598.22,673.92
3475,00,2301.70,1695.17
3475,10,2467.58,543.28
3476,00,1938.82,1727.31
3476,10,2047.89,569.83
3477,00,2477.95,3672.00
3477,10,2289.60,3336.77
3478,00,1235.87,3193.34
3478,10,1270.08,2128.90
3479,00,1254.53,3170.53
3479,10,1285.63,2110.93
3480,00,2691.53,1629.85
3480,10,2936.22,487.71
3481,00,1090.71,2013.47
3481,10,1057.54,903.26
3482,00,1107.30,3413.15
3482,10,1156.03,2286.14
3483,00,438.94,3714.57
3483,10,549.92,2510.72
3484,00,1833.06,1750.12
3484,10,1918.50,597.20
3485,00,420.94,3535.49
3485,10,518.40,2374.27
3486,00,2307.57,3597.51
3486,10,2212.61,2463.44
3487,00,2320.36,3599.77
3487,10,2224.97,2463.44
3488,00,2488.32,1779.15
3488,10,2664.99,661.89
3489,00,2270.59,3608.06
3489,10,2180.74,2469.31
3490,00,2407.45,1857.95
3490,10,2560.48,758.94
3491,00,1213.06,1853.80
3491,10,1191.91,709.17
3492,00,2475.88,3632.95
3492,10,2362.18,2493.50
3493,00,2322.43,3641.24
3493,10,2223.94,2496.96
3494,00,1793.66,1814.40
3494,10,1871.22,679.31
3495,00,2529.79,3647.46
3495,10,2408.83,2505.60
3496,00,2148.25,1770.85
3496,10,2281.79,637.01
3497,00,2465.93,1637.31
3497,10,2669.47,474.77
3498,00,2403.30,3639.17
3498,10,2296.51,2496.96
3499,00,2681.17,1743.90
3499,10,2893.92,629.55
3500,00,2395.01,1866.24
3500,10,2545.55,768.89
3501,00,1822.69,1600.82
3501,10,1919.99,394.15
3502,00,1221.35,1849.65
3502,10,1199.37,704.19
3503,00,2386.71,1855.87
3503,10,2538.09,753.96
3504,00,1155.00,3670.27
3504,10,1204.42,2509.06
3505,00,2592.83,3618.02
3505,10,2465.51,2484.17
3506,00,2597.81,3615.53
3506,10,2471.73,2482.10
3507,00,2397.15,3611.85
3507,10,2293.24,2472.40
3508,00,2276.81,3603.09
3508,10,2185.57,2467.58
3509,00,2754.57,2878.99
3509,10,2752.08,1896.10
3510,00,1913.52,1779.15
3510,10,2012.55,636.01
3511,00,1087.40,2010.56
3511,10,1054.05,901.77
3512,00,2401.23,3637.92
3512,10,2295.48,2496.61
3513,00,2642.60,2729.69
3513,10,2662.50,1749.29
3514,00,2396.25,1863.75
3514,10,2547.04,764.41
3515,00,2426.11,1687.08
3515,10,2612.74,540.46
3516,00,2662.50,2844.15
3516,10,2664.99,1856.29
3517,00,1806.52,1769.20
3517,10,1890.13,615.11
3518,00,2468.41,1627.36
3518,10,2675.44,462.83
3519,00,1246.65,3247.26
3519,10,1281.48,2175.21
3520,00,2672.46,2834.20
3520,10,2675.44,1845.34
3521,00,2293.24,1693.05
3521,10,2458.06,541.06
3522,00,2406.21,3401.53
3522,10,2322.43,2309.99
3523,00,2324.09,1629.85
3523,10,2505.24,459.84
3524,00,701.71,3558.30
3524,10,783.82,2405.38
3525,00,2886.45,3045.70
3525,10,2844.15,2042.91
3526,00,2473.39,1662.20
3526,10,2672.46,510.60
3527,00,1292.93,3105.42
3527,10,1318.81,2050.38
3528,00,490.90,3740.84
3528,10,602.17,2530.62
3529,00,1230.23,3221.88
3529,10,1264.07,2154.89
3530,00,2357.73,1612.43
3530,10,2551.23,433.57
3531,00,1893.11,1806.52
3531,10,1985.08,670.05
3532,00,2427.61,1788.60
3532,10,2594.22,670.05
3533,00,1189.62,1866.84
3533,10,1168.12,727.39
3534,00,1734.86,1740.83
3534,10,1805.92,580.48
3535,00,2379.83,1800.55
3535,10,2536.89,684.39
3536,00,2376.84,1615.42
3536,10,2569.14,447.90
3537,00,2486.73,1798.76
3537,10,2658.72,687.97
3538,00,737.54,3684.71
3538,10,826.12,2505.74
3539,00,2391.77,1788.60
3539,10,2551.23,670.05
3540,00,1940.89,1728.89
3540,10,2049.58,569.73
3541,00,2293.24,3619.01
3541,10,2197.19,2478.37
3542,00,2302.19,1693.05
3542,10,2468.81,544.64
3543,00,2146.33,1770.09
3543,10,2278.90,634.22
3544,00,2318.32,3597.51
3544,10,2221.57,2463.44
3545,00,2737.55,3006.29
3545,10,2708.29,2003.60
3546,00,2658.72,2733.97
3546,10,2683.80,1752.18
3547,00,2576.31,3640.51
3547,10,2448.51,2502.26
3548,00,1293.53,3210.53
3548,10,1322.19,2146.33
3549,00,2282.49,3296.53
3549,10,2214.41,2210.82
3550,01,2299.00,2881.00
3550,11,2355.00,2251.00
3551,01,629.00,2881.00
3551,11,776.00,2219.00
3552,01,2426.00,2611.00
3552,11,2788.00,1649.00
3553,01,1709.00,1416.00
3553,11,1867.20,688.80
3554,01,1837.20,3195.60
3554,11,1892.40,2506.80
3555,01,1757.00,3748.00
3555,11,1817.00,2982.00
3556,01,653.00,3335.00
3556,11,813.00,2619.00
3557,01,615.00,3337.00
3557,11,781.00,2620.00
3558,01,2671.00,2176.00
3558,11,2820.00,1592.00
3559,01,1840.00,1066.00
3559,11,2038.80,267.60
3560,01,2023.00,3705.00
3560,11,2057.00,2955.00
3561,01,2031.84,3697.92
3561,11,2065.20,2948.40
3562,01,2029.00,3702.00
3562,11,2062.00,2952.00
3563,01,2061.00,3776.00
3563,11,2093.00,3014.00
3564,01,1860.00,1494.00
3564,11,2031.60,789.60
3565,01,2751.00,2175.00
3565,11,2907.36,1595.52
3566,01,2770.80,1921.20
3566,11,2959.20,1329.60
3567,01,1988.17,3707.60
3567,11,2025.91,2954.88
3568,01,1701.60,3801.60
3568,11,1772.00,3026.00
3569,01,2220.48,2930.40
3569,11,2268.00,2293.92
3570,01,2244.00,2456.40
3570,11,2364.00,1868.40
3571,01,2050.80,3754.80
3571,11,2083.00,2998.00
3572,01,1887.60,3180.00
3572,11,1800.00,2499.60
3573,01,1665.60,3772.80
3573,11,1739.00,3001.00
3574,01,1710.00,3687.60
3574,11,1774.00,2928.00
3575,01,2168.40,3718.80
3575,11,2186.00,2969.00
3576,01,2044.80,3691.20
3576,11,2077.00,2943.00
3577,01,1730.40,2956.80
3577,11,1805.00,2300.00
3578,01,2008.80,3729.60
3578,11,794.19,2407.45
3579,01,1820.40,3234.00
3579,11,1875.60,2539.20
3580,01,1762.56,3005.28
3580,11,1832.40,2342.40
3581,01,2014.56,1029.60
3581,11,2244.67,235.01
3582,01,627.84,2881.44
3582,11,774.72,2219.04
3583,01,672.48,2880.00
3583,11,819.00,2216.00
3584,01,2115.36,3798.72
3584,11,2142.00,3038.40
3585,01,1847.52,1499.04
3585,11,2016.58,794.88
3586,01,2053.44,3684.96
3586,11,2085.12,2939.04
3587,01,1697.76,3240.00
3587,11,1764.00,2543.04
3588,01,1935.36,3837.60
3588,11,1982.40,3066.00
3589,01,1745.28,3946.75
3589,11,1817.28,3152.16
3590,01,1693.44,3901.82
3590,11,1768.32,3113.28
3591,01,2294.78,945.22
3591,11,2575.41,145.15
3592,01,1748.74,3872.45
3592,11,1817.28,3090.24
3593,01,2237.76,2433.02
3593,11,2358.72,1845.50
3594,01,2293.06,1002.24
3594,11,2567.12,213.58
3595,01,2232.58,3729.02
3595,11,2243.52,2980.80
3596,01,107.14,3281.47
3596,11,283.39,2553.98
3597,01,1734.91,3687.55
3597,11,1797.12,2928.96
3598,01,2102.98,3722.11
3598,11,2128.32,2972.16
3599,01,2218.75,3710.02
3599,11,2232.00,2964.96
3600,01,2040.42,3688.93
3600,11,2073.60,2942.78
3601,01,2770.33,1911.86
3601,11,2960.06,1321.92
3602,01,1734.91,3195.07
3602,11,1798.56,2504.16
3603,01,1909.44,3165.70
3603,11,1961.28,2484.00
3604,01,2900.97,3153.95
3604,11,2869.03,2483.34
3605,01,2236.03,2538.43
3605,11,2347.32,1949.18
3606,01,1833.41,2405.38
3606,11,1950.91,1805.76
3607,01,1683.07,3958.85
3607,11,1764.00,3162.24
3608,01,2013.47,1030.58
3608,11,2243.64,234.32
3609,01,2295.48,1005.70
3609,11,2570.44,218.97
3610,01,1710.72,3900.44
3610,11,1785.02,3113.86
3611,01,1748.05,3871.41
3611,11,1816.13,3089.66
3612,01,2090.19,3863.12
3612,11,2121.29,3093.81
3613,01,2314.14,955.52
3613,11,2597.81,157.66
3614,01,1279.41,1482.62
3614,11,1388.48,753.96
3615,01,2077.75,3829.94
3615,11,2106.43,3063.74
3616,01,1697.03,3817.08
3616,11,1768.78,3039.90
3617,01,1899.42,2448.92
3617,11,2015.54,1851.31
3618,01,1731.46,3800.91
3618,11,1798.85,3027.46
3619,01,2284.28,2475.88
3619,11,2403.72,1888.64
3620,01,2208.38,2536.01
3620,11,2318.29,1945.04
3621,01,578.53,595.12
3621,11,2361.00,1851.00
3622,01,2191.80,3755.29
3622,11,2204.93,3001.54
3623,01,2175.21,3747.00
3623,11,2192.83,2994.62
3624,01,2150.32,3717.97
3624,11,2172.10,2968.70
3625,01,1758.41,3691.01
3625,11,1817.86,2932.42
3626,01,130.64,3388.26
3626,11,317.95,2649.02
3627,01,105.75,3282.51
3627,11,282.01,2554.68
3628,01,603.42,3081.37
3628,11,762.05,2398.46
3629,01,2038.35,3740.77
3629,11,2071.87,2985.98
3630,01,1161.22,1530.32
3630,11,1259.09,808.70
3631,01,1225.50,1354.06
3631,11,1331.25,597.20
3632,01,1764.63,1575.94
3632,11,1918.50,883.35
3633,01,2164.84,3724.19
3633,11,2182.46,2973.89
3634,01,2291.74,943.07
3634,11,2572.72,143.33
3635,01,1751.78,3715.06
3635,11,1812.33,2952.81
3636,01,1943.88,3816.09
3636,11,1988.17,3048.19
3637,01,1756.75,3692.67
3637,11,1816.47,2931.24
3638,01,2025.49,2774.48
3638,11,2102.63,2149.91
3639,01,1711.96,3819.57
3639,11,1783.30,3044.05
3640,01,1883.66,3175.10
3640,11,1935.91,2490.81
3641,01,2139.96,3864.36
3641,11,2166.91,3097.96
3642,01,1784.13,3197.49
3642,11,1845.50,2509.06
3643,01,2191.71,3798.17
3643,11,2207.14,3040.73
3644,01,1950.84,3797.18
3644,11,1992.73,3031.60
3645,01,1948.35,3789.71
3645,11,1992.73,3025.38
3646,01,2209.63,3869.84
3646,11,2221.57,3102.44
3647,01,1884.16,3168.13
3647,11,1935.91,2485.83
3648,01,633.03,3114.38
3648,11,791.29,2424.62
3649,01,2284.28,2469.41
3649,11,2406.70,1887.14
3650,01,2000.61,1018.22
3650,11,2228.74,222.16
3651,01,2296.22,1009.26
3651,11,2569.14,222.16
3652,01,2293.24,973.43
3652,11,2569.14,179.16
3653,01,2173.80,3753.38
3653,11,2189.72,2998.43
3654,01,1713.96,3819.07
3654,11,1784.13,3043.22
3655,01,647.96,3093.48
3655,11,803.23,2406.70
3656,01,1699.03,3783.24
3656,11,1766.71,3010.87
3657,01,1176.48,1513.89
3657,11,1272.03,788.30
3658,01,2642.60,2732.18
3658,11,2687.39,2108.11
3659,01,2296.22,1343.69
3659,11,2526.14,641.39
3660,01,2278.31,3875.81
3660,11,2281.79,3107.91
3661,01,558.98,1555.10
3661,11,604.66,826.12
3662,01,1981.50,3844.75
3662,11,2020.91,3074.37
3663,01,2200.07,3808.92
3663,11,2215.60,3045.70
3664,01,2200.07,3783.84
3664,11,2215.60,3027.79
3665,01,2235.91,2526.14
3665,11,2346.98,1938.50
3666,01,1705.59,3687.09
3666,11,1770.69,2926.27
3667,02,1681.00,3662.00
3667,12,1346.00,2958.00
3668,02,1598.00,2333.00
3668,12,1447.00,1727.00
3669,02,1578.00,1369.20
3669,12,1568.16,669.60
3670,02,1840.32,2471.04
3670,12,1669.20,1897.20
3671,02,1613.95,3703.10
3671,12,1280.16,2986.56
3672,02,1302.00,3705.60
3672,12,984.00,2958.00
3673,02,1933.00,2459.00
3673,12,1756.00,1903.00
3674,02,1515.00,3694.00
3674,12,1188.00,2968.00
3675,02,1791.00,2863.00
3675,12,1550.00,2266.00
3676,02,1527.00,3691.00
3676,12,1201.00,2967.00
3677,02,1517.00,3750.00
3677,12,1184.00,3016.00
3678,02,1440.00,2438.40
3678,12,1269.60,1810.80
3679,02,1425.60,3971.52
3679,12,1078.80,3193.20
3680,02,1233.60,3976.80
3680,12,899.00,3180.00
3681,02,1255.00,3142.00
3681,12,996.00,2455.00
3682,02,1485.60,2421.60
3682,12,1321.20,1798.80
3683,02,1482.00,2422.80
3683,12,1317.60,1800.00
3684,02,1298.00,3706.00
3684,12,980.00,2960.00
3685,02,1545.12,3971.52
3685,12,1191.60,3205.20
3686,02,1574.00,3971.00
3686,12,1217.00,3207.00
3687,02,1218.24,3706.56
3687,12,902.88,2952.00
3688,02,1406.00,3672.00
3688,12,1088.00,2940.00
3689,02,1575.94,3967.49
3689,12,1213.92,3204.00
3690,02,1558.00,3603.00
3690,12,1237.00,2894.00
3691,02,1612.80,2589.60
3691,12,1420.80,1986.00
3692,02,1267.00,3808.00
3692,12,943.00,3042.00
3693,02,1601.00,3615.00
3693,12,1275.00,2909.00
3694,02,958.00,973.00
3694,12,933.60,76.80
3695,02,919.00,1401.00
3695,12,831.60,583.20
3696,02,1384.00,888.00
3696,12,1430.40,66.00
3697,02,1750.00,2493.00
3697,12,1574.00,1907.00
3698,02,1745.00,2393.00
3698,12,1585.00,1810.00
3699,02,1349.28,1402.56
3699,12,1308.10,668.74
3700,02,1588.00,3622.00
3700,12,1263.00,2914.00
3701,02,1528.00,3624.00
3701,12,1207.00,2910.00
3702,02,1664.40,3624.00
3702,12,1335.00,2924.00
3703,02,1464.00,2380.00
3703,12,1301.00,1757.00
3704,02,1700.00,3628.00
3704,12,1368.00,2930.00
3705,02,1599.00,3641.00
3705,12,1272.00,2931.00
3706,02,1754.00,2376.00
3706,12,1596.00,1794.00
3707,02,1696.00,3631.00
3707,12,1364.00,2933.00
3708,02,1491.26,3632.26
3708,12,1172.16,2914.56
3709,02,1460.16,2374.56
3709,12,1298.88,1749.60
3710,02,1271.52,3633.12
3710,12,961.20,2893.20
3711,02,1276.00,2978.00
3711,12,1036.00,2307.00
3712,02,1404.86,3131.14
3712,12,997.06,2462.40
3713,02,760.32,1303.20
3713,12,665.28,437.18
3714,02,1487.00,3636.00
3714,12,1167.00,2917.00
3715,02,758.00,1252.00
3715,12,670.80,375.60
3716,02,1635.00,2866.00
3716,12,1400.40,2250.00
3717,02,1264.32,3745.44
3717,12,946.80,2991.60
3718,02,1283.00,3974.00
3718,12,946.00,3182.00
3719,02,1381.00,3992.00
3719,12,1036.00,3206.00
3720,02,1576.80,1015.20
3720,12,1624.32,257.47
3721,02,1572.00,1374.00
3721,12,1561.20,673.20
3722,02,1603.00,3616.00
3722,12,1278.00,2911.00
3723,02,1677.00,933.00
3723,12,906.00,3218.00
3724,02,1261.00,3194.00
3724,12,997.00,2503.00
3725,02,1256.40,1522.80
3725,12,1189.44,789.12
3726,02,1401.60,3990.00
3726,12,1055.00,3206.00
3727,02,1752.00,2407.20
3727,12,1588.80,1825.20
3728,02,1568.40,2480.40
3728,12,1395.60,1869.60
3729,02,1338.00,3990.00
3729,12,996.00,3201.00
3730,02,1545.60,3979.20
3730,12,1191.00,3211.00
3731,02,1298.40,3127.20
3731,12,1041.00,2445.00
3732,02,1537.20,3626.40
3732,12,1214.00,2913.00
3733,02,1297.20,3981.60
3733,12,958.00,3189.00
3734,02,1982.40,2269.20
3734,12,1837.20,1722.00
3735,02,1723.16,3626.73
3735,12,1389.31,2932.42
3736,02,2143.20,3978.00
3736,12,1734.00,3266.00
3737,02,1525.20,3631.20
3737,12,1203.60,2916.00
3738,02,1182.00,3140.40
3738,12,925.20,2444.40
3739,02,1574.40,3976.80
3739,12,1217.00,3211.00
3740,02,1537.20,3616.80
3740,12,1217.00,2905.00
3741,02,1593.60,3975.60
3741,12,1236.00,3213.00
3742,02,1522.80,3626.40
3742,12,1200.00,2911.20
3743,02,1226.40,3633.60
3743,12,918.00,2889.60
3744,02,1544.40,3975.60
3744,12,1190.00,3208.00
3745,02,1284.00,2942.40
3745,12,1047.60,2276.40
3746,02,1425.60,3975.84
3746,12,1078.80,3196.80
3747,02,1500.00,3978.00
3747,12,1148.00,3207.00
3748,02,1330.80,3970.80
3748,12,989.00,3184.00
3749,02,1518.00,3694.80
3749,12,1191.00,2970.00
3750,02,1492.80,3978.00
3750,12,1142.00,3205.00
3751,02,1448.40,3760.80
3751,12,1120.00,3019.00
3752,02,1163.52,3162.24
3752,12,906.00,2461.20
3753,02,1590.45,3763.58
3753,12,1254.53,3036.10
3754,02,1270.80,3974.40
3754,12,934.00,3182.00
3755,02,1236.00,3826.80
3755,12,912.00,3055.00
3756,02,1422.00,3968.40
3756,12,1077.00,3190.00
3757,02,1486.80,3975.60
3757,12,1137.00,3202.00
3758,02,2246.40,2139.60
3758,12,2125.20,1626.00
3759,02,828.00,1197.60
3759,12,756.00,324.00
3760,02,1450.80,3754.80
3760,12,1122.00,3014.00
3761,02,1368.00,2668.80
3761,12,1160.40,2035.20
3762,02,727.20,1346.40
3762,12,623.52,482.40
3763,02,1694.40,3612.00
3763,12,1365.00,2915.00
3764,02,1423.20,3764.40
3764,12,1095.00,3019.00
3765,02,1290.00,2932.80
3765,12,1054.80,2268.00
3766,02,1712.40,2613.60
3766,12,1517.00,2020.00
3767,02,1597.20,2331.60
3767,12,1447.20,1725.12
3768,02,1509.60,3747.60
3768,12,1179.60,3013.20
3769,02,1764.00,2446.56
3769,12,1595.52,1863.36
3770,02,1716.00,3763.20
3770,12,1369.00,3046.00
3771,02,1970.40,3769.20
3771,12,1601.00,3078.00
3772,02,1365.60,1539.60
3772,12,1304.64,829.44
3773,02,1964.40,3748.80
3773,12,1598.00,3060.00
3774,02,1717.20,2376.00
3774,12,1559.52,1788.48
3775,02,1814.40,1021.25
3775,12,1882.83,317.26
3776,02,1657.15,3829.25
3776,12,1308.10,3096.58
3777,02,1674.72,3621.60
3777,12,1345.20,2922.00
3778,02,1572.48,995.04
3778,12,1622.88,231.84
3779,02,1493.28,3628.80
3779,12,1173.60,2911.68
3780,02,1513.44,3980.16
3780,12,1159.20,3208.80
3781,02,1553.76,1046.88
3781,12,1593.22,292.03
3782,02,1143.36,3144.96
3782,12,887.04,2443.68
3783,02,1550.88,1452.96
3783,12,1524.10,760.32
3784,02,1388.16,1344.96
3784,12,1359.94,609.98
3785,02,1388.16,1478.88
3785,12,1339.20,762.05
3786,02,1304.64,3126.24
3786,12,1046.88,2446.56
3787,02,2139.84,3983.04
3787,12,1730.40,3270.00
3788,02,1356.48,3115.58
3788,12,1098.72,2443.68
3789,02,1562.40,3974.40
3789,12,1204.80,3208.80
3790,02,1781.28,2439.36
3790,12,1615.68,1859.04
3791,02,1294.56,3781.44
3791,12,972.00,3019.20
3792,02,1507.68,3692.16
3792,12,1180.80,2966.40
3793,02,1696.32,3636.00
3793,12,1362.00,2937.60
3794,02,1487.81,3633.98
3794,12,1168.13,2915.14
3795,02,1579.39,3761.86
3795,12,1242.72,3032.64
3796,02,1514.88,3762.72
3796,12,1182.00,3026.40
3797,02,1228.32,3633.12
3797,12,918.72,2888.64
3798,02,1684.80,3656.16
3798,12,1350.00,2953.20
3799,02,1212.48,3162.24
3799,12,953.28,2466.72
3800,02,1404.00,3132.00
3800,12,996.48,2460.96
3801,02,1834.59,1031.96
3801,12,1906.25,326.07
3802,02,1553.76,3978.72
3802,12,1197.60,3211.20
3803,02,1666.08,3657.60
3803,12,1332.00,2954.40
3804,02,1714.18,3761.86
3804,12,1368.00,3045.60
3805,02,2246.40,2136.96
3805,12,2124.00,1624.32
3806,02,1778.40,2446.56
3806,12,1611.36,1866.24
3807,02,1582.56,3667.68
3807,12,1254.24,2952.00
3808,02,1291.68,3800.16
3808,12,967.68,3038.40
3809,02,1594.60,3614.29
3809,12,1270.08,2908.22
3810,02,1550.88,2374.56
3810,12,1392.48,1762.56
3811,02,1726.56,2874.24
3811,12,1487.52,2266.56
3812,02,1578.24,1368.00
3812,12,1569.02,668.74
3813,02,1751.04,2495.52
3813,12,1576.80,1909.44
3814,02,1480.32,3687.84
3814,12,1155.60,2960.40
3815,02,1574.21,2481.41
3815,12,1401.41,1871.42
3816,02,1421.28,3111.84
3816,12,1160.64,2446.56
3817,02,1740.96,3745.44
3817,12,1395.60,3034.80
3818,02,1301.76,1522.08
3818,12,1236.96,797.76
3819,02,1586.88,3975.84
3819,12,1230.00,3212.40
3820,02,1471.68,3972.96
3820,12,1119.60,3198.00
3821,02,1598.40,3970.08
3821,12,1239.60,3207.60
3822,02,853.63,1190.59
3822,12,786.24,321.41
3823,02,1418.40,3744.00
3823,12,1094.40,3002.40
3824,02,2154.82,3965.76
3824,12,1746.72,3257.28
3825,02,1271.52,1330.56
3825,12,1233.79,570.24
3826,02,1630.08,3749.76
3826,12,1292.00,3028.00
3827,02,1236.96,3119.04
3827,12,981.60,2431.20
3828,02,1641.60,3764.16
3828,12,1299.60,3039.60
3829,02,1584.00,3664.80
3829,12,1255.20,2950.80
3830,02,1270.08,1291.68
3830,12,1237.25,523.58
3831,02,1479.17,3974.40
3831,12,1128.96,3201.12
3832,02,1596.67,3976.13
3832,12,1236.96,3212.64
3833,02,1353.02,3974.40
3833,12,1012.32,3189.60
3834,02,1520.64,3972.67
3834,12,1167.84,3204.00
3835,02,1913.93,3732.48
3835,12,1556.64,3042.72
3836,02,1636.42,3763.58
3836,12,1297.44,3038.40
3837,02,1551.74,3970.94
3837,12,1198.08,3205.44
3838,02,1715.90,3756.67
3838,12,1369.44,3041.28
3839,02,1759.34,3751.59
3839,12,1415.36,3042.72
3840,02,1681.34,3628.80
3840,12,1350.72,2928.96
3841,02,803.52,1302.91
3841,12,715.39,445.82
3842,02,756.86,1313.28
3842,12,661.48,447.90
3843,02,948.67,1325.38
3843,12,875.06,501.81
3844,02,1581.12,3737.66
3844,12,1245.60,3012.48
3845,02,1809.22,3730.75
3845,12,1458.72,3029.76
3846,02,1517.18,3753.22
3846,12,1183.68,3018.82
3847,02,2223.94,1930.18
3847,12,2144.45,1406.59
3848,02,1219.97,3722.11
3848,12,904.32,2964.96
3849,02,1579.39,3711.74
3849,12,1248.48,2990.88
3850,02,1351.30,1397.95
3850,12,1310.52,665.63
3851,02,813.89,1444.61
3851,12,706.75,615.17
3852,02,1562.11,1456.70
3852,12,1534.46,767.23
3853,02,1418.34,1459.81
3853,12,1376.04,746.50
3854,02,1306.37,3151.87
3854,12,1045.44,2469.31
3855,02,1693.44,3682.37
3855,12,1357.92,2976.48
3856,02,1387.58,1477.44
3856,12,1339.55,761.01
3857,02,1391.04,1494.72
3857,12,1341.62,779.67
3858,02,1465.34,3668.54
3858,12,1143.36,2943.36
3859,02,1273.54,3649.54
3859,12,961.92,2908.80
3860,02,1594.94,2334.53
3860,12,1444.61,1728.00
3861,02,1529.28,2355.26
3861,12,1372.03,1740.10
3862,02,1454.98,2372.54
3862,12,1294.27,1747.01
3863,02,1805.76,2377.73
3863,12,1646.78,1804.03
3864,02,1746.80,2383.81
3864,12,1587.55,1801.54
3865,02,1748.74,2407.10
3865,12,1586.30,1824.77
3866,02,1543.10,3616.70
3866,12,1221.12,2905.92
3867,02,1423.87,3120.77
3867,12,1162.94,2455.49
3868,02,1320.19,3146.69
3868,12,1039.00,2249.00
3869,02,1572.48,3765.31
3869,12,1236.96,3034.08
3870,02,718.85,1347.84
3870,12,615.86,483.15
3871,02,801.79,1230.34
3871,12,721.61,358.73
3872,02,1092.79,1459.81
3872,12,1017.72,686.78
3873,02,1372.72,3118.69
3873,12,1113.52,2446.85
3874,02,1457.74,2457.22
3874,12,1287.71,1828.92
3875,02,1684.59,3595.62
3875,12,1356.13,2900.97
3876,02,1260.75,3800.91
3876,12,938.30,3036.10
3877,02,1716.94,3635.02
3877,12,1384.13,2939.33
3878,02,1656.81,2867.79
3878,12,1420.42,2254.00
3879,02,1557.27,3610.14
3879,12,1237.94,2900.97
3880,02,1712.79,3761.51
3880,12,1366.85,3044.74
3881,02,1210.98,3755.29
3881,12,895.10,2992.90
3882,02,1300.15,1569.72
3882,12,1226.74,851.01
3883,02,1685.84,3657.83
3883,12,1351.30,2954.88
3884,02,1582.16,2469.66
3884,12,1410.05,1862.09
3885,02,1490.50,2421.14
3885,12,1326.27,1799.06
3886,02,1296.00,1565.57
3886,12,1226.74,846.03
3887,02,1221.35,3711.74
3887,12,907.20,2956.61
3888,02,1186.10,3135.28
3888,12,931.05,2440.63
3889,02,1271.12,3135.28
3889,12,1011.92,2451.00
3890,02,1607.04,3693.08
3890,12,1273.54,2977.34
3891,02,1708.65,3624.65
3891,12,1377.22,2930.69
3892,02,1480.55,3627.97
3892,12,1159.56,2908.85
3893,02,1623.63,3722.11
3893,12,1285.63,3003.26
3894,02,1750.12,2421.97
3894,12,1586.30,1835.14
3895,02,1293.93,3122.84
3895,12,1038.87,2440.63
3896,02,1553.13,2589.93
3896,12,1362.36,1976.14
3897,02,742.35,1428.71
3897,12,632.03,584.76
3898,02,2102.63,2674.94
3898,12,1868.31,2137.88
3899,02,1283.56,2921.70
3899,12,1049.24,2256.08
3900,02,885.43,1397.61
3900,12,793.77,572.31
3901,02,1302.22,3695.16
3901,12,987.03,2948.66
3902,02,1816.47,982.89
3902,12,1893.11,268.74
3903,02,1495.48,1677.13
3903,12,1428.30,1012.75
3904,02,1545.25,3603.09
3904,12,1231.72,2896.82
3905,02,1260.09,3890.74
3905,12,930.63,3110.40
3906,02,1254.11,3886.76
3906,12,926.90,3106.25
3907,02,1488.02,3630.46
3907,12,1167.02,2911.34
3908,02,1786.61,2438.55
3908,12,1619.90,1856.29
3909,02,1746.80,2413.67
3909,12,1585.06,1831.40
3910,02,1699.52,3759.85
3910,12,1354.06,3041.97
3911,02,1741.82,2500.76
3911,12,1565.15,1913.52
3912,02,1567.64,1473.09
3912,12,1537.78,788.30
3913,02,1242.17,3798.17
3913,12,920.68,3033.26
3914,02,776.36,1298.90
3914,12,683.79,435.95
3915,02,1463.13,2376.35
3915,12,1298.90,1751.78
3916,02,1094.86,1465.62
3916,12,1021.21,692.75
3917,02,920.68,1415.85
3917,12,830.10,603.17
3918,02,1716.94,3757.36
3918,12,1370.65,3041.97
3919,02,1629.85,2652.55
3919,12,1430.78,2047.89
3920,02,1813.99,1020.21
3920,12,1884.16,313.53
3921,02,1637.31,3762.34
3921,12,1296.00,3037.82
3922,02,1547.74,2727.20
3922,12,1336.23,2110.10
3923,02,1550.22,2597.81
3923,12,1358.62,1983.19
3924,02,858.47,1450.69
3924,12,758.44,630.04
3925,02,1260.09,3878.79
3925,12,930.63,3100.45
3926,02,1288.95,1318.81
3926,12,1254.11,561.37
3927,02,1266.56,2943.68
3927,12,1030.16,2274.32
3928,02,1259.09,1333.74
3928,12,1221.27,570.32
3929,02,1657.22,2597.81
3929,12,1463.13,2000.61
3930,02,1886.15,3871.83
3930,12,1515.80,3153.95
3931,02,744.01,1425.81
3931,12,633.03,582.27
3932,02,2324.09,3058.15
3932,12,2007.25,2515.28
3933,02,1572.62,3762.34
3933,12,1237.94,3031.60
3934,02,1403.41,2562.97
3934,12,1216.79,1928.45
3935,02,1306.37,3120.35
3935,12,1050.07,2441.04
3936,02,2065.31,3302.00
3936,12,1733.53,2693.61
3937,02,1692.06,3682.71
3937,12,1356.13,2975.62
3938,02,925.66,1480.55
3938,12,827.12,677.82
3939,02,1211.81,3167.63
3939,12,953.03,2473.39
3940,02,1551.52,2597.81
3940,12,1361.61,1985.08
3941,02,1573.61,1048.08
3941,12,1616.02,300.99
3942,02,1552.71,1051.07
3942,12,1590.93,293.82
3943,02,1254.11,3884.77
3943,12,925.66,3105.42
3944,02,1693.05,2556.00
3944,12,1504.94,1961.79
3945,02,1681.11,2541.07
3945,12,1495.98,1949.85
3946,02,1495.98,2454.48
3946,12,1325.78,1833.39
3947,02,1803.53,2379.83
3947,12,1645.28,1803.53
3948,02,1719.93,2493.89
3948,12,1544.35,1906.25
3949,02,1710.97,3660.82
3949,12,1376.04,2961.10
3950,02,1269.04,3753.38
3950,12,948.05,2995.94
3951,02,767.40,1301.89
3951,12,673.64,437.15
3952,02,1743.82,2490.31
3952,12,1567.64,1905.06
3953,02,1336.53,1494.19
3953,12,1279.20,770.38
3954,02,1179.46,3135.28
3954,12,922.67,2439.55
3955,02,1761.73,3753.38
3955,12,1415.85,3043.22
3956,02,809.20,1307.86
3956,12,720.22,451.48
3957,02,2173.80,1746.80
3957,12,2121.24,1196.78
3958,02,1737.84,3672.76
3958,12,1397.44,2971.05
3959,02,1448.20,2349.97
3959,12,1289.95,1722.91
3960,02,1466.12,2341.01
3960,12,1310.85,1716.94
3961,02,1764.72,3759.35
3961,12,1354.80,780.00
3962,02,1788.01,2311.15
3962,12,1641.10,1734.26
3963,02,1657.22,2600.79
3963,12,1466.12,2000.61
3964,02,1349.67,1498.96
3964,12,1295.92,782.33
3965,02,1510.91,3624.99
3965,12,1191.41,2908.35
3966,02,1623.18,1350.86
3966,12,1621.39,656.92
3967,02,1919.99,3750.40
3967,12,1555.70,3057.65
3968,02,1624.38,2660.51
3968,12,1424.31,2054.36
3969,02,1469.10,2450.90
3969,12,1300.70,1827.42
3970,02,1504.94,1698.43
3970,12,1429.69,1042.71
3971,02,1648.26,3715.76
3971,12,1313.83,3000.91
3972,02,1218.28,3798.17
3972,12,895.80,3027.79
3973,02,1236.20,3794.59
3973,12,913.71,3027.79
3974,02,1709.18,2375.65
3974,12,1555.10,1788.01
3975,02,1368.78,2379.23
3975,12,1203.95,1741.43
3976,02,849.21,1461.94
3976,12,748.89,641.39
3977,02,1669.76,3644.10
3977,12,1337.72,2941.20
3978,02,1770.09,2443.73
3978,12,1605.27,1863.25
3979,02,1788.01,3755.17
3979,12,1436.26,3045.70
3980,02,1734.26,3651.26
3980,12,1397.44,2953.14
3981,02,1741.43,2490.31
3981,12,1565.85,1902.67
3982,02,1580.18,3733.68
3982,12,1245.16,3009.87
3983,02,1813.09,1010.46
3983,12,1888.34,304.57
3984,02,1795.17,2812.80
3984,12,1562.27,2217.99
3985,02,2325.49,3092.29
3985,12,2003.60,2544.06
3986,02,1691.26,3683.51
3986,12,1355.64,2977.03
3987,02,1100.04,1465.52
3987,12,1021.21,695.14
